Entity,Code,Year,Life expectancy (period) at birth - Sex: all - Age: 0,latitude,longitude,Test
Afghanistan,AFG,2010,60.8508,33.9,67.7,81.27
Afghanistan,AFG,2011,61.4191,33.9,67.7,81.27
Afghanistan,AFG,2012,61.923,33.9,67.7,81.27
Afghanistan,AFG,2013,62.4167,33.9,67.7,81.27
Afghanistan,AFG,2014,62.5451,33.9,67.7,81.27
Afghanistan,AFG,2015,62.6587,33.9,67.7,81.27
Afghanistan,AFG,2016,63.1361,33.9,67.7,81.27
Afghanistan,AFG,2017,63.016,33.9,67.7,81.27
Afghanistan,AFG,2018,63.081,33.9,67.7,81.27
Afghanistan,AFG,2019,63.5645,33.9,67.7,81.27
Afghanistan,AFG,2020,62.5751,33.9,67.7,81.27
Afghanistan,AFG,2021,61.9824,33.9,67.7,81.27
Albania,ALB,2010,77.9359,41.2,20.2,275.8
Albania,ALB,2011,78.0919,41.2,20.2,275.8
Albania,ALB,2012,78.064,41.2,20.2,275.8
Albania,ALB,2013,78.1226,41.2,20.2,275.8
Albania,ALB,2014,78.4075,41.2,20.2,275.8
Albania,ALB,2015,78.6441,41.2,20.2,275.8
Albania,ALB,2016,78.8602,41.2,20.2,275.8
Albania,ALB,2017,79.0473,41.2,20.2,275.8
Albania,ALB,2018,79.1838,41.2,20.2,275.8
Albania,ALB,2019,79.2825,41.2,20.2,275.8
Albania,ALB,2020,76.9893,41.2,20.2,275.8
Albania,ALB,2021,76.4626,41.2,20.2,275.8
Algeria,DZA,2010,73.8081,28,1.7,294.7
Algeria,DZA,2011,74.1234,28,1.7,294.7
Algeria,DZA,2012,74.2024,28,1.7,294.7
Algeria,DZA,2013,74.6153,28,1.7,294.7
Algeria,DZA,2014,75.11,28,1.7,294.7
Algeria,DZA,2015,75.622,28,1.7,294.7
Algeria,DZA,2016,75.7318,28,1.7,294.7
Algeria,DZA,2017,75.7428,28,1.7,294.7
Algeria,DZA,2018,76.0656,28,1.7,294.7
Algeria,DZA,2019,76.4742,28,1.7,294.7
Algeria,DZA,2020,74.4528,28,1.7,294.7
Algeria,DZA,2021,76.3767,28,1.7,294.7
Andorra,AND,2010,82.8156,42.5,1.6,1936.8
Andorra,AND,2011,82.8975,42.5,1.6,1936.8
Andorra,AND,2012,82.9166,42.5,1.6,1936.8
Andorra,AND,2013,82.9343,42.5,1.6,1936.8
Andorra,AND,2014,82.9483,42.5,1.6,1936.8
Andorra,AND,2015,82.9534,42.5,1.6,1936.8
Andorra,AND,2016,82.9671,42.5,1.6,1936.8
Andorra,AND,2017,82.9803,42.5,1.6,1936.8
Andorra,AND,2018,82.9923,42.5,1.6,1936.8
Andorra,AND,2019,83.0039,42.5,1.6,1936.8
Andorra,AND,2020,79.0234,42.5,1.6,1936.8
Andorra,AND,2021,80.3684,42.5,1.6,1936.8
Angola,AGO,2010,56.7258,-11.2,17.9,62.7
Angola,AGO,2011,57.5961,-11.2,17.9,62.7
Angola,AGO,2012,58.6231,-11.2,17.9,62.7
Angola,AGO,2013,59.3074,-11.2,17.9,62.7
Angola,AGO,2014,60.0397,-11.2,17.9,62.7
Angola,AGO,2015,60.6546,-11.2,17.9,62.7
Angola,AGO,2016,61.0923,-11.2,17.9,62.7
Angola,AGO,2017,61.6798,-11.2,17.9,62.7
Angola,AGO,2018,62.1438,-11.2,17.9,62.7
Angola,AGO,2019,62.4484,-11.2,17.9,62.7
Angola,AGO,2020,62.2612,-11.2,17.9,62.7
Angola,AGO,2021,61.6434,-11.2,17.9,62.7
Antigua and Barbuda,ATG,2010,76.8195,17.1,-61.8,794.06
Antigua and Barbuda,ATG,2011,77.1038,17.1,-61.8,794.06
Antigua and Barbuda,ATG,2012,77.3502,17.1,-61.8,794.06
Antigua and Barbuda,ATG,2013,77.5834,17.1,-61.8,794.06
Antigua and Barbuda,ATG,2014,77.8577,17.1,-61.8,794.06
Antigua and Barbuda,ATG,2015,77.9127,17.1,-61.8,794.06
Antigua and Barbuda,ATG,2016,78.1516,17.1,-61.8,794.06
Antigua and Barbuda,ATG,2017,78.2683,17.1,-61.8,794.06
Antigua and Barbuda,ATG,2018,78.5112,17.1,-61.8,794.06
Antigua and Barbuda,ATG,2019,78.6912,17.1,-61.8,794.06
Antigua and Barbuda,ATG,2020,78.8406,17.1,-61.8,794.06
Antigua and Barbuda,ATG,2021,78.4968,17.1,-61.8,794.06
Argentina,ARG,2010,75.7208,-38.4,-63.6,1067.83
Argentina,ARG,2011,76.124,-38.4,-63.6,1067.83
Argentina,ARG,2012,76.4669,-38.4,-63.6,1067.83
Argentina,ARG,2013,76.4908,-38.4,-63.6,1067.83
Argentina,ARG,2014,76.7549,-38.4,-63.6,1067.83
Argentina,ARG,2015,76.7602,-38.4,-63.6,1067.83
Argentina,ARG,2016,76.3077,-38.4,-63.6,1067.83
Argentina,ARG,2017,76.833,-38.4,-63.6,1067.83
Argentina,ARG,2018,76.9994,-38.4,-63.6,1067.83
Argentina,ARG,2019,77.2845,-38.4,-63.6,1067.83
Argentina,ARG,2020,75.8921,-38.4,-63.6,1067.83
Argentina,ARG,2021,75.3899,-38.4,-63.6,1067.83
Armenia,ARM,2010,73.1597,40.1,45,111.54
Armenia,ARM,2011,73.3045,40.1,45,111.54
Armenia,ARM,2012,73.454,40.1,45,111.54
Armenia,ARM,2013,73.6759,40.1,45,111.54
Armenia,ARM,2014,74.0577,40.1,45,111.54
Armenia,ARM,2015,74.4361,40.1,45,111.54
Armenia,ARM,2016,74.6639,40.1,45,111.54
Armenia,ARM,2017,74.9059,40.1,45,111.54
Armenia,ARM,2018,75.0645,40.1,45,111.54
Armenia,ARM,2019,75.4386,40.1,45,111.54
Armenia,ARM,2020,72.173,40.1,45,111.54
Armenia,ARM,2021,72.0431,40.1,45,111.54
Australia,AUS,2010,82.055,-25.3,133.8,2155.34
Australia,AUS,2011,82.1336,-25.3,133.8,2155.34
Australia,AUS,2012,82.3456,-25.3,133.8,2155.34
Australia,AUS,2013,82.6041,-25.3,133.8,2155.34
Australia,AUS,2014,82.5677,-25.3,133.8,2155.34
Australia,AUS,2015,82.6552,-25.3,133.8,2155.34
Australia,AUS,2016,82.8707,-25.3,133.8,2155.34
Australia,AUS,2017,83.0006,-25.3,133.8,2155.34
Australia,AUS,2018,83.3871,-25.3,133.8,2155.34
Australia,AUS,2019,83.11,-25.3,133.8,2155.34
Australia,AUS,2020,84.3239,-25.3,133.8,2155.34
Australia,AUS,2021,84.5265,-25.3,133.8,2155.34
Austria,AUT,2010,80.4643,47.5,14.6,2708.03
Austria,AUT,2011,80.8285,47.5,14.6,2708.03
Austria,AUT,2012,80.841,47.5,14.6,2708.03
Austria,AUT,2013,81.0783,47.5,14.6,2708.03
Austria,AUT,2014,81.3903,47.5,14.6,2708.03
Austria,AUT,2015,81.1594,47.5,14.6,2708.03
Austria,AUT,2016,81.5925,47.5,14.6,2708.03
Austria,AUT,2017,81.6391,47.5,14.6,2708.03
Austria,AUT,2018,81.6862,47.5,14.6,2708.03
Austria,AUT,2019,81.9077,47.5,14.6,2708.03
Austria,AUT,2020,81.5036,47.5,14.6,2708.03
Austria,AUT,2021,81.5797,47.5,14.6,2708.03
Azerbaijan,AZE,2010,69.5291,40.1,47.6,100.59
Azerbaijan,AZE,2011,69.9835,40.1,47.6,100.59
Azerbaijan,AZE,2012,70.3598,40.1,47.6,100.59
Azerbaijan,AZE,2013,70.8814,40.1,47.6,100.59
Azerbaijan,AZE,2014,71.1163,40.1,47.6,100.59
Azerbaijan,AZE,2015,71.4512,40.1,47.6,100.59
Azerbaijan,AZE,2016,72.0039,40.1,47.6,100.59
Azerbaijan,AZE,2017,72.2478,40.1,47.6,100.59
Azerbaijan,AZE,2018,72.7601,40.1,47.6,100.59
Azerbaijan,AZE,2019,73.1023,40.1,47.6,100.59
Azerbaijan,AZE,2020,66.8679,40.1,47.6,100.59
Azerbaijan,AZE,2021,69.3658,40.1,47.6,100.59
Bahamas,BHS,2010,72.7314,25,-77.4,1054.58
Bahamas,BHS,2011,72.5638,25,-77.4,1054.58
Bahamas,BHS,2012,72.7528,25,-77.4,1054.58
Bahamas,BHS,2013,73.0237,25,-77.4,1054.58
Bahamas,BHS,2014,73.3658,25,-77.4,1054.58
Bahamas,BHS,2015,73.104,25,-77.4,1054.58
Bahamas,BHS,2016,73.5368,25,-77.4,1054.58
Bahamas,BHS,2017,73.6317,25,-77.4,1054.58
Bahamas,BHS,2018,73.8057,25,-77.4,1054.58
Bahamas,BHS,2019,71.205,25,-77.4,1054.58
Bahamas,BHS,2020,72.6766,25,-77.4,1054.58
Bahamas,BHS,2021,71.5983,25,-77.4,1054.58
Bahrain,BHR,2010,78.748,25.9,50.6,1502.39
Bahrain,BHR,2011,78.8902,25.9,50.6,1502.39
Bahrain,BHR,2012,79.0813,25.9,50.6,1502.39
Bahrain,BHR,2013,79.2463,25.9,50.6,1502.39
Bahrain,BHR,2014,79.3278,25.9,50.6,1502.39
Bahrain,BHR,2015,79.4046,25.9,50.6,1502.39
Bahrain,BHR,2016,79.5569,25.9,50.6,1502.39
Bahrain,BHR,2017,79.689,25.9,50.6,1502.39
Bahrain,BHR,2018,79.8566,25.9,50.6,1502.39
Bahrain,BHR,2019,80.0186,25.9,50.6,1502.39
Bahrain,BHR,2020,79.1735,25.9,50.6,1502.39
Bahrain,BHR,2021,78.7605,25.9,50.6,1502.39
Bangladesh,BGD,2010,68.6384,23.7,90.4,28.26
Bangladesh,BGD,2011,68.8094,23.7,90.4,28.26
Bangladesh,BGD,2012,69.554,23.7,90.4,28.26
Bangladesh,BGD,2013,69.5646,23.7,90.4,28.26
Bangladesh,BGD,2014,69.9856,23.7,90.4,28.26
Bangladesh,BGD,2015,70.4913,23.7,90.4,28.26
Bangladesh,BGD,2016,71.09,23.7,90.4,28.26
Bangladesh,BGD,2017,71.7879,23.7,90.4,28.26
Bangladesh,BGD,2018,72.5675,23.7,90.4,28.26
Bangladesh,BGD,2019,72.8057,23.7,90.4,28.26
Bangladesh,BGD,2020,71.9678,23.7,90.4,28.26
Bangladesh,BGD,2021,72.3811,23.7,90.4,28.26
Barbados,BRB,2010,75.7115,13.2,-59.5,677.41
Barbados,BRB,2011,75.9166,13.2,-59.5,677.41
Barbados,BRB,2012,76.0987,13.2,-59.5,677.41
Barbados,BRB,2013,76.2752,13.2,-59.5,677.41
Barbados,BRB,2014,76.4758,13.2,-59.5,677.41
Barbados,BRB,2015,76.6502,13.2,-59.5,677.41
Barbados,BRB,2016,76.8149,13.2,-59.5,677.41
Barbados,BRB,2017,76.936,13.2,-59.5,677.41
Barbados,BRB,2018,77.067,13.2,-59.5,677.41
Barbados,BRB,2019,77.2569,13.2,-59.5,677.41
Barbados,BRB,2020,77.3929,13.2,-59.5,677.41
Barbados,BRB,2021,77.5714,13.2,-59.5,677.41
Belarus,BLR,2010,71.1219,53.7,28,320.87
Belarus,BLR,2011,71.5165,53.7,28,320.87
Belarus,BLR,2012,72.6137,53.7,28,320.87
Belarus,BLR,2013,72.9891,53.7,28,320.87
Belarus,BLR,2014,73.5849,53.7,28,320.87
Belarus,BLR,2015,73.9874,53.7,28,320.87
Belarus,BLR,2016,74.258,53.7,28,320.87
Belarus,BLR,2017,74.4519,53.7,28,320.87
Belarus,BLR,2018,74.5676,53.7,28,320.87
Belarus,BLR,2019,74.216,53.7,28,320.87
Belarus,BLR,2020,72.5132,53.7,28,320.87
Belarus,BLR,2021,72.438,53.7,28,320.87
Belgium,BEL,2010,80.033,50.5,4.5,2226.14
Belgium,BEL,2011,80.3649,50.5,4.5,2226.14
Belgium,BEL,2012,80.2607,50.5,4.5,2226.14
Belgium,BEL,2013,80.468,50.5,4.5,2226.14
Belgium,BEL,2014,81.0811,50.5,4.5,2226.14
Belgium,BEL,2015,80.8898,50.5,4.5,2226.14
Belgium,BEL,2016,81.2661,50.5,4.5,2226.14
Belgium,BEL,2017,81.3618,50.5,4.5,2226.14
Belgium,BEL,2018,81.4787,50.5,4.5,2226.14
Belgium,BEL,2019,81.8311,50.5,4.5,2226.14
Belgium,BEL,2020,80.7884,50.5,4.5,2226.14
Belgium,BEL,2021,81.8787,50.5,4.5,2226.14
Belize,BLZ,2010,72.2716,17.2,-88.5,219.26
Belize,BLZ,2011,72.6512,17.2,-88.5,219.26
Belize,BLZ,2012,73.245,17.2,-88.5,219.26
Belize,BLZ,2013,73.6661,17.2,-88.5,219.26
Belize,BLZ,2014,73.3107,17.2,-88.5,219.26
Belize,BLZ,2015,73.1866,17.2,-88.5,219.26
Belize,BLZ,2016,73.3988,17.2,-88.5,219.26
Belize,BLZ,2017,73.5624,17.2,-88.5,219.26
Belize,BLZ,2018,73.7031,17.2,-88.5,219.26
Belize,BLZ,2019,73.9313,17.2,-88.5,219.26
Belize,BLZ,2020,72.854,17.2,-88.5,219.26
Belize,BLZ,2021,70.4697,17.2,-88.5,219.26
Benin,BEN,2010,58.3627,9.3,2.3,54.6
Benin,BEN,2011,58.4624,9.3,2.3,54.6
Benin,BEN,2012,58.7159,9.3,2.3,54.6
Benin,BEN,2013,58.9654,9.3,2.3,54.6
Benin,BEN,2014,59.1249,9.3,2.3,54.6
Benin,BEN,2015,59.3771,9.3,2.3,54.6
Benin,BEN,2016,59.5394,9.3,2.3,54.6
Benin,BEN,2017,59.8558,9.3,2.3,54.6
Benin,BEN,2018,60.1403,9.3,2.3,54.6
Benin,BEN,2019,60.4537,9.3,2.3,54.6
Benin,BEN,2020,60.088,9.3,2.3,54.6
Benin,BEN,2021,59.821,9.3,2.3,54.6
Bhutan,BTN,2010,68.4298,27.5,90.4,115.99
Bhutan,BTN,2011,68.881,27.5,90.4,115.99
Bhutan,BTN,2012,69.3261,27.5,90.4,115.99
Bhutan,BTN,2013,69.7072,27.5,90.4,115.99
Bhutan,BTN,2014,70.0486,27.5,90.4,115.99
Bhutan,BTN,2015,70.3433,27.5,90.4,115.99
Bhutan,BTN,2016,70.6022,27.5,90.4,115.99
Bhutan,BTN,2017,70.8472,27.5,90.4,115.99
Bhutan,BTN,2018,71.1286,27.5,90.4,115.99
Bhutan,BTN,2019,71.3909,27.5,90.4,115.99
Bhutan,BTN,2020,71.6094,27.5,90.4,115.99
Bhutan,BTN,2021,71.815,27.5,90.4,115.99
Bolivia,BOL,2010,66.1624,-16.3,-63.6,151.1
Bolivia,BOL,2011,66.5337,-16.3,-63.6,151.1
Bolivia,BOL,2012,66.7046,-16.3,-63.6,151.1
Bolivia,BOL,2013,67.0207,-16.3,-63.6,151.1
Bolivia,BOL,2014,67.1632,-16.3,-63.6,151.1
Bolivia,BOL,2015,67.3182,-16.3,-63.6,151.1
Bolivia,BOL,2016,67.6277,-16.3,-63.6,151.1
Bolivia,BOL,2017,67.7015,-16.3,-63.6,151.1
Bolivia,BOL,2018,67.748,-16.3,-63.6,151.1
Bolivia,BOL,2019,67.841,-16.3,-63.6,151.1
Bolivia,BOL,2020,64.4667,-16.3,-63.6,151.1
Bolivia,BOL,2021,63.6304,-16.3,-63.6,151.1
Bosnia and Herzegovina,BIH,2010,77.0729,43.9,17.7,351.19
Bosnia and Herzegovina,BIH,2011,77.0069,43.9,17.7,351.19
Bosnia and Herzegovina,BIH,2012,77.1914,43.9,17.7,351.19
Bosnia and Herzegovina,BIH,2013,76.3304,43.9,17.7,351.19
Bosnia and Herzegovina,BIH,2014,75.6586,43.9,17.7,351.19
Bosnia and Herzegovina,BIH,2015,76.1819,43.9,17.7,351.19
Bosnia and Herzegovina,BIH,2016,76.8083,43.9,17.7,351.19
Bosnia and Herzegovina,BIH,2017,76.9349,43.9,17.7,351.19
Bosnia and Herzegovina,BIH,2018,77.0926,43.9,17.7,351.19
Bosnia and Herzegovina,BIH,2019,77.2412,43.9,17.7,351.19
Bosnia and Herzegovina,BIH,2020,76.2254,43.9,17.7,351.19
Bosnia and Herzegovina,BIH,2021,75.3003,43.9,17.7,351.19
Botswana,BWA,2010,60.0133,-22.3,24.7,511.88
Botswana,BWA,2011,60.5302,-22.3,24.7,511.88
Botswana,BWA,2012,60.8004,-22.3,24.7,511.88
Botswana,BWA,2013,61.9958,-22.3,24.7,511.88
Botswana,BWA,2014,62.6076,-22.3,24.7,511.88
Botswana,BWA,2015,63.8183,-22.3,24.7,511.88
Botswana,BWA,2016,65.4644,-22.3,24.7,511.88
Botswana,BWA,2017,66.7526,-22.3,24.7,511.88
Botswana,BWA,2018,65.4224,-22.3,24.7,511.88
Botswana,BWA,2019,65.4636,-22.3,24.7,511.88
Botswana,BWA,2020,65.6471,-22.3,24.7,511.88
Botswana,BWA,2021,61.1409,-22.3,24.7,511.88
Brazil,BRA,2010,73.1821,-14.2,-51.9,755.18
Brazil,BRA,2011,73.3432,-14.2,-51.9,755.18
Brazil,BRA,2012,73.5517,-14.2,-51.9,755.18
Brazil,BRA,2013,73.9185,-14.2,-51.9,755.18
Brazil,BRA,2014,74.3058,-14.2,-51.9,755.18
Brazil,BRA,2015,74.3325,-14.2,-51.9,755.18
Brazil,BRA,2016,74.4415,-14.2,-51.9,755.18
Brazil,BRA,2017,74.8266,-14.2,-51.9,755.18
Brazil,BRA,2018,75.1095,-14.2,-51.9,755.18
Brazil,BRA,2019,75.3379,-14.2,-51.9,755.18
Brazil,BRA,2020,74.0089,-14.2,-51.9,755.18
Brazil,BRA,2021,72.7504,-14.2,-51.9,755.18
Brunei,BRN,2010,74.8492,4.5,114.7,1875.74
Brunei,BRN,2011,74.858,4.5,114.7,1875.74
Brunei,BRN,2012,74.8274,4.5,114.7,1875.74
Brunei,BRN,2013,74.7992,4.5,114.7,1875.74
Brunei,BRN,2014,74.7788,4.5,114.7,1875.74
Brunei,BRN,2015,74.7498,4.5,114.7,1875.74
Brunei,BRN,2016,74.7332,4.5,114.7,1875.74
Brunei,BRN,2017,74.722,4.5,114.7,1875.74
Brunei,BRN,2018,74.7118,4.5,114.7,1875.74
Brunei,BRN,2019,74.7483,4.5,114.7,1875.74
Brunei,BRN,2020,74.7949,4.5,114.7,1875.74
Brunei,BRN,2021,74.6424,4.5,114.7,1875.74
Bulgaria,BGR,2010,73.8348,42.7,25.5,373.6
Bulgaria,BGR,2011,74.1895,42.7,25.5,373.6
Bulgaria,BGR,2012,74.3572,42.7,25.5,373.6
Bulgaria,BGR,2013,74.8489,42.7,25.5,373.6
Bulgaria,BGR,2014,74.4824,42.7,25.5,373.6
Bulgaria,BGR,2015,74.6325,42.7,25.5,373.6
Bulgaria,BGR,2016,74.8336,42.7,25.5,373.6
Bulgaria,BGR,2017,74.7992,42.7,25.5,373.6
Bulgaria,BGR,2018,74.8983,42.7,25.5,373.6
Bulgaria,BGR,2019,75.0624,42.7,25.5,373.6
Bulgaria,BGR,2020,73.6453,42.7,25.5,373.6
Bulgaria,BGR,2021,71.798,42.7,25.5,373.6
Burkina Faso,BFA,2010,56.4768,12.2,-1.6,27.2
Burkina Faso,BFA,2011,57.1246,12.2,-1.6,27.2
Burkina Faso,BFA,2012,57.6187,12.2,-1.6,27.2
Burkina Faso,BFA,2013,57.8234,12.2,-1.6,27.2
Burkina Faso,BFA,2014,58.3589,12.2,-1.6,27.2
Burkina Faso,BFA,2015,58.8454,12.2,-1.6,27.2
Burkina Faso,BFA,2016,59.3262,12.2,-1.6,27.2
Burkina Faso,BFA,2017,59.5361,12.2,-1.6,27.2
Burkina Faso,BFA,2018,60.0466,12.2,-1.6,27.2
Burkina Faso,BFA,2019,60.0391,12.2,-1.6,27.2
Burkina Faso,BFA,2020,59.7306,12.2,-1.6,27.2
Burkina Faso,BFA,2021,59.2696,12.2,-1.6,27.2
Burundi,BDI,2010,57.0809,-3.4,29.9,32.55
Burundi,BDI,2011,57.7692,-3.4,29.9,32.55
Burundi,BDI,2012,58.4927,-3.4,29.9,32.55
Burundi,BDI,2013,59.2346,-3.4,29.9,32.55
Burundi,BDI,2014,59.8684,-3.4,29.9,32.55
Burundi,BDI,2015,60.2172,-3.4,29.9,32.55
Burundi,BDI,2016,60.7931,-3.4,29.9,32.55
Burundi,BDI,2017,61.5526,-3.4,29.9,32.55
Burundi,BDI,2018,61.6884,-3.4,29.9,32.55
Burundi,BDI,2019,62.3514,-3.4,29.9,32.55
Burundi,BDI,2020,61.5663,-3.4,29.9,32.55
Burundi,BDI,2021,61.6627,-3.4,29.9,32.55
Cambodia,KHM,2010,67.7123,12.6,105,70.35
Cambodia,KHM,2011,68.4163,12.6,105,70.35
Cambodia,KHM,2012,68.9149,12.6,105,70.35
Cambodia,KHM,2013,69.3042,12.6,105,70.35
Cambodia,KHM,2014,69.7364,12.6,105,70.35
Cambodia,KHM,2015,69.8725,12.6,105,70.35
Cambodia,KHM,2016,70.2244,12.6,105,70.35
Cambodia,KHM,2017,70.5153,12.6,105,70.35
Cambodia,KHM,2018,70.5609,12.6,105,70.35
Cambodia,KHM,2019,70.6923,12.6,105,70.35
Cambodia,KHM,2020,70.416,12.6,105,70.35
Cambodia,KHM,2021,69.5835,12.6,105,70.35
Cameroon,CMR,2010,56.582,7.4,12.4,83.45
Cameroon,CMR,2011,57.1331,7.4,12.4,83.45
Cameroon,CMR,2012,57.7922,7.4,12.4,83.45
Cameroon,CMR,2013,58.4761,7.4,12.4,83.45
Cameroon,CMR,2014,58.9355,7.4,12.4,83.45
Cameroon,CMR,2015,59.658,7.4,12.4,83.45
Cameroon,CMR,2016,60.2333,7.4,12.4,83.45
Cameroon,CMR,2017,60.8103,7.4,12.4,83.45
Cameroon,CMR,2018,61.1798,7.4,12.4,83.45
Cameroon,CMR,2019,61.5839,7.4,12.4,83.45
Cameroon,CMR,2020,60.8328,7.4,12.4,83.45
Cameroon,CMR,2021,60.3334,7.4,12.4,83.45
Canada,CAN,2010,81.3469,56.1,-106.3,2429.61
Canada,CAN,2011,81.5286,56.1,-106.3,2429.61
Canada,CAN,2012,81.7221,56.1,-106.3,2429.61
Canada,CAN,2013,81.8029,56.1,-106.3,2429.61
Canada,CAN,2014,81.8545,56.1,-106.3,2429.61
Canada,CAN,2015,81.9246,56.1,-106.3,2429.61
Canada,CAN,2016,82.0434,56.1,-106.3,2429.61
Canada,CAN,2017,82.0192,56.1,-106.3,2429.61
Canada,CAN,2018,82.0508,56.1,-106.3,2429.61
Canada,CAN,2019,82.3628,56.1,-106.3,2429.61
Canada,CAN,2020,82.0471,56.1,-106.3,2429.61
Canada,CAN,2021,82.6565,56.1,-106.3,2429.61
Cape Verde,CPV,2010,73.4986,16,-24,136.96
Cape Verde,CPV,2011,74.2565,16,-24,136.96
Cape Verde,CPV,2012,74.4838,16,-24,136.96
Cape Verde,CPV,2013,75.059,16,-24,136.96
Cape Verde,CPV,2014,75.24,16,-24,136.96
Cape Verde,CPV,2015,74.6195,16,-24,136.96
Cape Verde,CPV,2016,75.7423,16,-24,136.96
Cape Verde,CPV,2017,76.5928,16,-24,136.96
Cape Verde,CPV,2018,75.7331,16,-24,136.96
Cape Verde,CPV,2019,76.0042,16,-24,136.96
Cape Verde,CPV,2020,74.8077,16,-24,136.96
Cape Verde,CPV,2021,74.0518,16,-24,136.96
Central African Republic,CAF,2010,49.2549,6.6,20.9,27.28
Central African Republic,CAF,2011,49.9482,6.6,20.9,27.28
Central African Republic,CAF,2012,50.6861,6.6,20.9,27.28
Central African Republic,CAF,2013,50.902,6.6,20.9,27.28
Central African Republic,CAF,2014,50.5655,6.6,20.9,27.28
Central African Republic,CAF,2015,52.793,6.6,20.9,27.28
Central African Republic,CAF,2016,53.4601,6.6,20.9,27.28
Central African Republic,CAF,2017,53.7207,6.6,20.9,27.28
Central African Republic,CAF,2018,54.3693,6.6,20.9,27.28
Central African Republic,CAF,2019,55.0253,6.6,20.9,27.28
Central African Republic,CAF,2020,54.6042,6.6,20.9,27.28
Central African Republic,CAF,2021,53.8947,6.6,20.9,27.28
Chad,TCD,2010,49.5843,15.5,18.7,45.4
Chad,TCD,2011,50.009,15.5,18.7,45.4
Chad,TCD,2012,50.5401,15.5,18.7,45.4
Chad,TCD,2013,50.7806,15.5,18.7,45.4
Chad,TCD,2014,51.202,15.5,18.7,45.4
Chad,TCD,2015,51.5888,15.5,18.7,45.4
Chad,TCD,2016,52.0834,15.5,18.7,45.4
Chad,TCD,2017,52.3076,15.5,18.7,45.4
Chad,TCD,2018,52.8253,15.5,18.7,45.4
Chad,TCD,2019,53.2594,15.5,18.7,45.4
Chad,TCD,2020,52.7774,15.5,18.7,45.4
Chad,TCD,2021,52.5254,15.5,18.7,45.4
Chile,CHL,2010,78.5015,-35.7,-71.5,672.11
Chile,CHL,2011,79.1099,-35.7,-71.5,672.11
Chile,CHL,2012,79.0233,-35.7,-71.5,672.11
Chile,CHL,2013,79.3391,-35.7,-71.5,672.11
Chile,CHL,2014,79.4726,-35.7,-71.5,672.11
Chile,CHL,2015,79.746,-35.7,-71.5,672.11
Chile,CHL,2016,80.0794,-35.7,-71.5,672.11
Chile,CHL,2017,80.3501,-35.7,-71.5,672.11
Chile,CHL,2018,80.1334,-35.7,-71.5,672.11
Chile,CHL,2019,80.3263,-35.7,-71.5,672.11
Chile,CHL,2020,79.3769,-35.7,-71.5,672.11
Chile,CHL,2021,78.9435,-35.7,-71.5,672.11
China,CHN,2010,75.5991,35.9,104.2,128.2
China,CHN,2011,75.9032,35.9,104.2,128.2
China,CHN,2012,76.1923,35.9,104.2,128.2
China,CHN,2013,76.4523,35.9,104.2,128.2
China,CHN,2014,76.7173,35.9,104.2,128.2
China,CHN,2015,76.9771,35.9,104.2,128.2
China,CHN,2016,77.2177,35.9,104.2,128.2
China,CHN,2017,77.2476,35.9,104.2,128.2
China,CHN,2018,77.7444,35.9,104.2,128.2
China,CHN,2019,77.968,35.9,104.2,128.2
China,CHN,2020,78.0766,35.9,104.2,128.2
China,CHN,2021,78.2107,35.9,104.2,128.2
Colombia,COL,2010,75.0327,4.6,-74.3,373.7
Colombia,COL,2011,75.3198,4.6,-74.3,373.7
Colombia,COL,2012,75.5973,4.6,-74.3,373.7
Colombia,COL,2013,75.8267,4.6,-74.3,373.7
Colombia,COL,2014,76.0427,4.6,-74.3,373.7
Colombia,COL,2015,76.2573,4.6,-74.3,373.7
Colombia,COL,2016,76.4713,4.6,-74.3,373.7
Colombia,COL,2017,76.6456,4.6,-74.3,373.7
Colombia,COL,2018,76.7479,4.6,-74.3,373.7
Colombia,COL,2019,76.7523,4.6,-74.3,373.7
Colombia,COL,2020,74.7692,4.6,-74.3,373.7
Colombia,COL,2021,72.8296,4.6,-74.3,373.7
Comoros,COM,2010,61.1233,-11.9,43.9,130.81
Comoros,COM,2011,61.5033,-11.9,43.9,130.81
Comoros,COM,2012,61.834,-11.9,43.9,130.81
Comoros,COM,2013,62.2244,-11.9,43.9,130.81
Comoros,COM,2014,62.5158,-11.9,43.9,130.81
Comoros,COM,2015,62.8956,-11.9,43.9,130.81
Comoros,COM,2016,63.2368,-11.9,43.9,130.81
Comoros,COM,2017,63.6254,-11.9,43.9,130.81
Comoros,COM,2018,63.9117,-11.9,43.9,130.81
Comoros,COM,2019,64.0684,-11.9,43.9,130.81
Comoros,COM,2020,64.1665,-11.9,43.9,130.81
Comoros,COM,2021,63.4174,-11.9,43.9,130.81
Costa Rica,CRI,2010,78.6704,9.7,-83.8,516.7
Costa Rica,CRI,2011,79.3477,9.7,-83.8,516.7
Costa Rica,CRI,2012,79.2827,9.7,-83.8,516.7
Costa Rica,CRI,2013,79.4034,9.7,-83.8,516.7
Costa Rica,CRI,2014,78.7741,9.7,-83.8,516.7
Costa Rica,CRI,2015,79.0857,9.7,-83.8,516.7
Costa Rica,CRI,2016,79.4592,9.7,-83.8,516.7
Costa Rica,CRI,2017,79.3769,9.7,-83.8,516.7
Costa Rica,CRI,2018,79.4835,9.7,-83.8,516.7
Costa Rica,CRI,2019,79.4272,9.7,-83.8,516.7
Costa Rica,CRI,2020,79.277,9.7,-83.8,516.7
Costa Rica,CRI,2021,77.0232,9.7,-83.8,516.7
Croatia,HRV,2010,76.8049,45.1,15.2,811.42
Croatia,HRV,2011,77.2222,45.1,15.2,811.42
Croatia,HRV,2012,77.3401,45.1,15.2,811.42
Croatia,HRV,2013,77.8427,45.1,15.2,811.42
Croatia,HRV,2014,77.9533,45.1,15.2,811.42
Croatia,HRV,2015,77.5599,45.1,15.2,811.42
Croatia,HRV,2016,78.2314,45.1,15.2,811.42
Croatia,HRV,2017,78.0832,45.1,15.2,811.42
Croatia,HRV,2018,78.337,45.1,15.2,811.42
Croatia,HRV,2019,78.7376,45.1,15.2,811.42
Croatia,HRV,2020,77.9845,45.1,15.2,811.42
Croatia,HRV,2021,77.5804,45.1,15.2,811.42
Cuba,CUB,2010,77.661,21.5,-77.8,547.91
Cuba,CUB,2011,77.7597,21.5,-77.8,547.91
Cuba,CUB,2012,77.8328,21.5,-77.8,547.91
Cuba,CUB,2013,77.8698,21.5,-77.8,547.91
Cuba,CUB,2014,77.8533,21.5,-77.8,547.91
Cuba,CUB,2015,77.772,21.5,-77.8,547.91
Cuba,CUB,2016,77.643,21.5,-77.8,547.91
Cuba,CUB,2017,77.5286,21.5,-77.8,547.91
Cuba,CUB,2018,77.4962,21.5,-77.8,547.91
Cuba,CUB,2019,77.6112,21.5,-77.8,547.91
Cuba,CUB,2020,77.5673,21.5,-77.8,547.91
Cuba,CUB,2021,73.6829,21.5,-77.8,547.91
Cyprus,CYP,2010,79.665,35.1,33.4,1136.26
Cyprus,CYP,2011,79.9991,35.1,33.4,1136.26
Cyprus,CYP,2012,80.1094,35.1,33.4,1136.26
Cyprus,CYP,2013,80.4016,35.1,33.4,1136.26
Cyprus,CYP,2014,80.7706,35.1,33.4,1136.26
Cyprus,CYP,2015,80.9665,35.1,33.4,1136.26
Cyprus,CYP,2016,81.0563,35.1,33.4,1136.26
Cyprus,CYP,2017,81.328,35.1,33.4,1136.26
Cyprus,CYP,2018,81.382,35.1,33.4,1136.26
Cyprus,CYP,2019,81.397,35.1,33.4,1136.26
Cyprus,CYP,2020,81.3905,35.1,33.4,1136.26
Cyprus,CYP,2021,81.2033,35.1,33.4,1136.26
Denmark,DNK,2010,79.2459,56.3,9.5,2327.76
Denmark,DNK,2011,79.7845,56.3,9.5,2327.76
Denmark,DNK,2012,80.0807,56.3,9.5,2327.76
Denmark,DNK,2013,80.3042,56.3,9.5,2327.76
Denmark,DNK,2014,80.6302,56.3,9.5,2327.76
Denmark,DNK,2015,80.738,56.3,9.5,2327.76
Denmark,DNK,2016,80.8803,56.3,9.5,2327.76
Denmark,DNK,2017,81.1112,56.3,9.5,2327.76
Denmark,DNK,2018,80.99,56.3,9.5,2327.76
Denmark,DNK,2019,81.4337,56.3,9.5,2327.76
Denmark,DNK,2020,81.5449,56.3,9.5,2327.76
Denmark,DNK,2021,81.3753,56.3,9.5,2327.76
Djibouti,DJI,2010,60.2587,11.8,42.6,70.83
Djibouti,DJI,2011,60.4329,11.8,42.6,70.83
Djibouti,DJI,2012,60.8479,11.8,42.6,70.83
Djibouti,DJI,2013,61.2212,11.8,42.6,70.83
Djibouti,DJI,2014,61.6411,11.8,42.6,70.83
Djibouti,DJI,2015,61.957,11.8,42.6,70.83
Djibouti,DJI,2016,62.1908,11.8,42.6,70.83
Djibouti,DJI,2017,62.7966,11.8,42.6,70.83
Djibouti,DJI,2018,63.0381,11.8,42.6,70.83
Djibouti,DJI,2019,63.0854,11.8,42.6,70.83
Djibouti,DJI,2020,62.6943,11.8,42.6,70.83
Djibouti,DJI,2021,62.3049,11.8,42.6,70.83
Dominica,DMA,2010,71.5499,15.4,-61.4,346.77
Dominica,DMA,2011,69.6948,15.4,-61.4,346.77
Dominica,DMA,2012,70.5383,15.4,-61.4,346.77
Dominica,DMA,2013,68.8962,15.4,-61.4,346.77
Dominica,DMA,2014,69.4342,15.4,-61.4,346.77
Dominica,DMA,2015,68.7266,15.4,-61.4,346.77
Dominica,DMA,2016,70.1284,15.4,-61.4,346.77
Dominica,DMA,2017,67.5253,15.4,-61.4,346.77
Dominica,DMA,2018,73.59,15.4,-61.4,346.77
Dominica,DMA,2019,73.5588,15.4,-61.4,346.77
Dominica,DMA,2020,73.649,15.4,-61.4,346.77
Dominica,DMA,2021,72.814,15.4,-61.4,346.77
Dominican Republic,DOM,2010,72.0933,18.7,-70.2,324.25
Dominican Republic,DOM,2011,72.2212,18.7,-70.2,324.25
Dominican Republic,DOM,2012,72.5142,18.7,-70.2,324.25
Dominican Republic,DOM,2013,72.7127,18.7,-70.2,324.25
Dominican Republic,DOM,2014,72.8665,18.7,-70.2,324.25
Dominican Republic,DOM,2015,72.9531,18.7,-70.2,324.25
Dominican Republic,DOM,2016,72.9867,18.7,-70.2,324.25
Dominican Republic,DOM,2017,73.0629,18.7,-70.2,324.25
Dominican Republic,DOM,2018,73.2323,18.7,-70.2,324.25
Dominican Republic,DOM,2019,73.5767,18.7,-70.2,324.25
Dominican Republic,DOM,2020,72.8894,18.7,-70.2,324.25
Dominican Republic,DOM,2021,72.6146,18.7,-70.2,324.25
Ecuador,ECU,2010,75.4301,-1.8,-78.2,194.5
Ecuador,ECU,2011,75.7425,-1.8,-78.2,194.5
Ecuador,ECU,2012,76.0616,-1.8,-78.2,194.5
Ecuador,ECU,2013,76.3694,-1.8,-78.2,194.5
Ecuador,ECU,2014,76.6221,-1.8,-78.2,194.5
Ecuador,ECU,2015,76.7893,-1.8,-78.2,194.5
Ecuador,ECU,2016,76.7634,-1.8,-78.2,194.5
Ecuador,ECU,2017,76.9725,-1.8,-78.2,194.5
Ecuador,ECU,2018,77.0938,-1.8,-78.2,194.5
Ecuador,ECU,2019,77.2971,-1.8,-78.2,194.5
Ecuador,ECU,2020,72.1535,-1.8,-78.2,194.5
Ecuador,ECU,2021,73.67,-1.8,-78.2,194.5
Egypt,EGY,2010,69.6638,26.8,30.8,299.89
Egypt,EGY,2011,69.8805,26.8,30.8,299.89
Egypt,EGY,2012,70.0848,26.8,30.8,299.89
Egypt,EGY,2013,70.0521,26.8,30.8,299.89
Egypt,EGY,2014,70.4151,26.8,30.8,299.89
Egypt,EGY,2015,70.4831,26.8,30.8,299.89
Egypt,EGY,2016,70.8435,26.8,30.8,299.89
Egypt,EGY,2017,71.3019,26.8,30.8,299.89
Egypt,EGY,2018,71.3669,26.8,30.8,299.89
Egypt,EGY,2019,71.3575,26.8,30.8,299.89
Egypt,EGY,2020,70.9905,26.8,30.8,299.89
Egypt,EGY,2021,70.2207,26.8,30.8,299.89
El Salvador,SLV,2010,71.8478,13.8,-88.9,396.94
El Salvador,SLV,2011,71.8589,13.8,-88.9,396.94
El Salvador,SLV,2012,71.8313,13.8,-88.9,396.94
El Salvador,SLV,2013,71.7711,13.8,-88.9,396.94
El Salvador,SLV,2014,71.7464,13.8,-88.9,396.94
El Salvador,SLV,2015,71.8143,13.8,-88.9,396.94
El Salvador,SLV,2016,72.0248,13.8,-88.9,396.94
El Salvador,SLV,2017,72.3108,13.8,-88.9,396.94
El Salvador,SLV,2018,72.5546,13.8,-88.9,396.94
El Salvador,SLV,2019,72.5586,13.8,-88.9,396.94
El Salvador,SLV,2020,71.0609,13.8,-88.9,396.94
El Salvador,SLV,2021,70.7479,13.8,-88.9,396.94
Equatorial Guinea,GNQ,2010,57.8777,1.7,10.3,182.9
Equatorial Guinea,GNQ,2011,58.4121,1.7,10.3,182.9
Equatorial Guinea,GNQ,2012,58.8646,1.7,10.3,182.9
Equatorial Guinea,GNQ,2013,59.2236,1.7,10.3,182.9
Equatorial Guinea,GNQ,2014,59.5947,1.7,10.3,182.9
Equatorial Guinea,GNQ,2015,60.1032,1.7,10.3,182.9
Equatorial Guinea,GNQ,2016,60.4786,1.7,10.3,182.9
Equatorial Guinea,GNQ,2017,60.8205,1.7,10.3,182.9
Equatorial Guinea,GNQ,2018,61.1914,1.7,10.3,182.9
Equatorial Guinea,GNQ,2019,61.6444,1.7,10.3,182.9
Equatorial Guinea,GNQ,2020,60.7083,1.7,10.3,182.9
Equatorial Guinea,GNQ,2021,60.5943,1.7,10.3,182.9
Eritrea,ERI,2010,63.7866,15.2,39.8,72.85
Eritrea,ERI,2011,64.4017,15.2,39.8,72.85
Eritrea,ERI,2012,64.8385,15.2,39.8,72.85
Eritrea,ERI,2013,65.0665,15.2,39.8,72.85
Eritrea,ERI,2014,65.5995,15.2,39.8,72.85
Eritrea,ERI,2015,66.0333,15.2,39.8,72.85
Eritrea,ERI,2016,66.2893,15.2,39.8,72.85
Eritrea,ERI,2017,66.5773,15.2,39.8,72.85
Eritrea,ERI,2018,67.0675,15.2,39.8,72.85
Eritrea,ERI,2019,67.2996,15.2,39.8,72.85
Eritrea,ERI,2020,67.1334,15.2,39.8,72.85
Eritrea,ERI,2021,66.5358,15.2,39.8,72.85
Estonia,EST,2010,75.7485,58.6,25,485.22
Estonia,EST,2011,76.4681,58.6,25,485.22
Estonia,EST,2012,76.5454,58.6,25,485.22
Estonia,EST,2013,77.1272,58.6,25,485.22
Estonia,EST,2014,77.1406,58.6,25,485.22
Estonia,EST,2015,77.6563,58.6,25,485.22
Estonia,EST,2016,77.8201,58.6,25,485.22
Estonia,EST,2017,77.976,58.6,25,485.22
Estonia,EST,2018,78.1395,58.6,25,485.22
Estonia,EST,2019,78.6693,58.6,25,485.22
Estonia,EST,2020,78.3431,58.6,25,485.22
Estonia,EST,2021,77.1436,58.6,25,485.22
Ethiopia,ETH,2010,59.73,9.1,40.5,21.07
Ethiopia,ETH,2011,60.7206,9.1,40.5,21.07
Ethiopia,ETH,2012,61.5431,9.1,40.5,21.07
Ethiopia,ETH,2013,62.3734,9.1,40.5,21.07
Ethiopia,ETH,2014,62.9046,9.1,40.5,21.07
Ethiopia,ETH,2015,63.6492,9.1,40.5,21.07
Ethiopia,ETH,2016,64.3919,9.1,40.5,21.07
Ethiopia,ETH,2017,64.8383,9.1,40.5,21.07
Ethiopia,ETH,2018,65.4117,9.1,40.5,21.07
Ethiopia,ETH,2019,65.8377,9.1,40.5,21.07
Ethiopia,ETH,2020,65.3705,9.1,40.5,21.07
Ethiopia,ETH,2021,64.9748,9.1,40.5,21.07
Fiji,FJI,2010,67.3276,-16.6,179.4,216.5
Fiji,FJI,2011,67.5234,-16.6,179.4,216.5
Fiji,FJI,2012,67.5515,-16.6,179.4,216.5
Fiji,FJI,2013,67.428,-16.6,179.4,216.5
Fiji,FJI,2014,67.3764,-16.6,179.4,216.5
Fiji,FJI,2015,66.8436,-16.6,179.4,216.5
Fiji,FJI,2016,67.2395,-16.6,179.4,216.5
Fiji,FJI,2017,67.7904,-16.6,179.4,216.5
Fiji,FJI,2018,67.8096,-16.6,179.4,216.5
Fiji,FJI,2019,67.8933,-16.6,179.4,216.5
Fiji,FJI,2020,67.9244,-16.6,179.4,216.5
Fiji,FJI,2021,67.114,-16.6,179.4,216.5
Finland,FIN,2010,80.0117,61.9,25.7,1896.24
Finland,FIN,2011,80.3915,61.9,25.7,1896.24
Finland,FIN,2012,80.5008,61.9,25.7,1896.24
Finland,FIN,2013,80.8831,61.9,25.7,1896.24
Finland,FIN,2014,81.0125,61.9,25.7,1896.24
Finland,FIN,2015,81.4178,61.9,25.7,1896.24
Finland,FIN,2016,81.2915,61.9,25.7,1896.24
Finland,FIN,2017,81.4976,61.9,25.7,1896.24
Finland,FIN,2018,81.6266,61.9,25.7,1896.24
Finland,FIN,2019,81.8706,61.9,25.7,1896.24
Finland,FIN,2020,81.8657,61.9,25.7,1896.24
Finland,FIN,2021,82.0381,61.9,25.7,1896.24
France,FRA,2010,81.4275,46.2,2.2,2516.92
France,FRA,2011,81.813,46.2,2.2,2516.92
France,FRA,2012,81.774,46.2,2.2,2516.92
France,FRA,2013,82.0159,46.2,2.2,2516.92
France,FRA,2014,82.4761,46.2,2.2,2516.92
France,FRA,2015,82.1857,46.2,2.2,2516.92
France,FRA,2016,82.4372,46.2,2.2,2516.92
France,FRA,2017,82.4732,46.2,2.2,2516.92
France,FRA,2018,82.5909,46.2,2.2,2516.92
France,FRA,2019,82.7315,46.2,2.2,2516.92
France,FRA,2020,82.2104,46.2,2.2,2516.92
France,FRA,2021,82.4988,46.2,2.2,2516.92
Gabon,GAB,2010,63.8977,-0.8,11.6,402.45
Gabon,GAB,2011,64.0453,-0.8,11.6,402.45
Gabon,GAB,2012,64.5871,-0.8,11.6,402.45
Gabon,GAB,2013,64.7765,-0.8,11.6,402.45
Gabon,GAB,2014,64.9743,-0.8,11.6,402.45
Gabon,GAB,2015,65.4599,-0.8,11.6,402.45
Gabon,GAB,2016,65.8025,-0.8,11.6,402.45
Gabon,GAB,2017,66.1889,-0.8,11.6,402.45
Gabon,GAB,2018,66.3064,-0.8,11.6,402.45
Gabon,GAB,2019,66.6028,-0.8,11.6,402.45
Gabon,GAB,2020,66.5305,-0.8,11.6,402.45
Gabon,GAB,2021,65.821,-0.8,11.6,402.45
Gambia,GMB,2010,60.7166,13.4,-15.3,219.9
Gambia,GMB,2011,61.5257,13.4,-15.3,219.9
Gambia,GMB,2012,62.0961,13.4,-15.3,219.9
Gambia,GMB,2013,62.1138,13.4,-15.3,219.9
Gambia,GMB,2014,62.2688,13.4,-15.3,219.9
Gambia,GMB,2015,62.494,13.4,-15.3,219.9
Gambia,GMB,2016,63.0127,13.4,-15.3,219.9
Gambia,GMB,2017,62.9955,13.4,-15.3,219.9
Gambia,GMB,2018,63.04,13.4,-15.3,219.9
Gambia,GMB,2019,63.7549,13.4,-15.3,219.9
Gambia,GMB,2020,62.6125,13.4,-15.3,219.9
Gambia,GMB,2021,62.083,13.4,-15.3,219.9
Georgia,GEO,2010,72.1277,42.3,43.4,214.63
Georgia,GEO,2011,72.3902,42.3,43.4,214.63
Georgia,GEO,2012,72.412,42.3,43.4,214.63
Georgia,GEO,2013,72.6284,42.3,43.4,214.63
Georgia,GEO,2014,73.0993,42.3,43.4,214.63
Georgia,GEO,2015,73.2972,42.3,43.4,214.63
Georgia,GEO,2016,73.5692,42.3,43.4,214.63
Georgia,GEO,2017,73.5701,42.3,43.4,214.63
Georgia,GEO,2018,73.3414,42.3,43.4,214.63
Georgia,GEO,2019,73.4696,42.3,43.4,214.63
Georgia,GEO,2020,72.7653,42.3,43.4,214.63
Georgia,GEO,2021,71.694,42.3,43.4,214.63
Germany,DEU,2010,80.0864,51.2,10.5,2692.24
Germany,DEU,2011,80.36,51.2,10.5,2692.24
Germany,DEU,2012,80.5058,51.2,10.5,2692.24
Germany,DEU,2013,80.4633,51.2,10.5,2692.24
Germany,DEU,2014,80.9151,51.2,10.5,2692.24
Germany,DEU,2015,80.5742,51.2,10.5,2692.24
Germany,DEU,2016,80.8471,51.2,10.5,2692.24
Germany,DEU,2017,80.9442,51.2,10.5,2692.24
Germany,DEU,2018,81.1717,51.2,10.5,2692.24
Germany,DEU,2019,81.5584,51.2,10.5,2692.24
Germany,DEU,2020,81.1472,51.2,10.5,2692.24
Germany,DEU,2021,80.6301,51.2,10.5,2692.24
Ghana,GHA,2010,61.1571,7.9,-1,71
Ghana,GHA,2011,61.6517,7.9,-1,71
Ghana,GHA,2012,62.0805,7.9,-1,71
Ghana,GHA,2013,62.4205,7.9,-1,71
Ghana,GHA,2014,63.0447,7.9,-1,71
Ghana,GHA,2015,63.1752,7.9,-1,71
Ghana,GHA,2016,63.8902,7.9,-1,71
Ghana,GHA,2017,64.0131,7.9,-1,71
Ghana,GHA,2018,64.122,7.9,-1,71
Ghana,GHA,2019,64.7401,7.9,-1,71
Ghana,GHA,2020,64.114,7.9,-1,71
Ghana,GHA,2021,63.7954,7.9,-1,71
Greece,GRC,2010,80.5102,39.1,21.8,1418.2
Greece,GRC,2011,80.5469,39.1,21.8,1418.2
Greece,GRC,2012,80.3409,39.1,21.8,1418.2
Greece,GRC,2013,80.9738,39.1,21.8,1418.2
Greece,GRC,2014,81.007,39.1,21.8,1418.2
Greece,GRC,2015,80.6676,39.1,21.8,1418.2
Greece,GRC,2016,81.1617,39.1,21.8,1418.2
Greece,GRC,2017,80.8501,39.1,21.8,1418.2
Greece,GRC,2018,81.3907,39.1,21.8,1418.2
Greece,GRC,2019,81.2489,39.1,21.8,1418.2
Greece,GRC,2020,80.9092,39.1,21.8,1418.2
Greece,GRC,2021,80.1106,39.1,21.8,1418.2
Grenada,GRD,2010,74.9988,12.3,-61.6,409.47
Grenada,GRD,2011,75.2947,12.3,-61.6,409.47
Grenada,GRD,2012,75.0416,12.3,-61.6,409.47
Grenada,GRD,2013,75.1161,12.3,-61.6,409.47
Grenada,GRD,2014,74.985,12.3,-61.6,409.47
Grenada,GRD,2015,75.0125,12.3,-61.6,409.47
Grenada,GRD,2016,74.7622,12.3,-61.6,409.47
Grenada,GRD,2017,74.7652,12.3,-61.6,409.47
Grenada,GRD,2018,74.8076,12.3,-61.6,409.47
Grenada,GRD,2019,74.8632,12.3,-61.6,409.47
Grenada,GRD,2020,74.9238,12.3,-61.6,409.47
Grenada,GRD,2021,74.9362,12.3,-61.6,409.47
Guatemala,GTM,2010,70.8783,15.8,-90.2,274
Guatemala,GTM,2011,71.1769,15.8,-90.2,274
Guatemala,GTM,2012,71.463,15.8,-90.2,274
Guatemala,GTM,2013,71.728,15.8,-90.2,274
Guatemala,GTM,2014,71.9638,15.8,-90.2,274
Guatemala,GTM,2015,72.103,15.8,-90.2,274
Guatemala,GTM,2016,72.3547,15.8,-90.2,274
Guatemala,GTM,2017,72.5506,15.8,-90.2,274
Guatemala,GTM,2018,72.7257,15.8,-90.2,274
Guatemala,GTM,2019,73.1289,15.8,-90.2,274
Guatemala,GTM,2020,71.7969,15.8,-90.2,274
Guatemala,GTM,2021,69.2368,15.8,-90.2,274
Guinea,GIN,2010,56.7197,9.9,-9.7,53.72
Guinea,GIN,2011,57.0191,9.9,-9.7,53.72
Guinea,GIN,2012,57.4064,9.9,-9.7,53.72
Guinea,GIN,2013,57.7906,9.9,-9.7,53.72
Guinea,GIN,2014,57.8858,9.9,-9.7,53.72
Guinea,GIN,2015,58.1336,9.9,-9.7,53.72
Guinea,GIN,2016,58.7625,9.9,-9.7,53.72
Guinea,GIN,2017,59.1093,9.9,-9.7,53.72
Guinea,GIN,2018,59.3491,9.9,-9.7,53.72
Guinea,GIN,2019,59.7199,9.9,-9.7,53.72
Guinea,GIN,2020,59.3273,9.9,-9.7,53.72
Guinea,GIN,2021,58.8922,9.9,-9.7,53.72
Guinea-Bissau,GNB,2010,56.2295,11.8,-15.2,76.29
Guinea-Bissau,GNB,2011,56.9667,11.8,-15.2,76.29
Guinea-Bissau,GNB,2012,57.6901,11.8,-15.2,76.29
Guinea-Bissau,GNB,2013,58.2324,11.8,-15.2,76.29
Guinea-Bissau,GNB,2014,58.6096,11.8,-15.2,76.29
Guinea-Bissau,GNB,2015,59.1282,11.8,-15.2,76.29
Guinea-Bissau,GNB,2016,59.6739,11.8,-15.2,76.29
Guinea-Bissau,GNB,2017,60.0665,11.8,-15.2,76.29
Guinea-Bissau,GNB,2018,60.5016,11.8,-15.2,76.29
Guinea-Bissau,GNB,2019,60.8818,11.8,-15.2,76.29
Guinea-Bissau,GNB,2020,59.9988,11.8,-15.2,76.29
Guinea-Bissau,GNB,2021,59.6523,11.8,-15.2,76.29
Guyana,GUY,2010,66.743,4.9,-58.9,160.97
Guyana,GUY,2011,66.9818,4.9,-58.9,160.97
Guyana,GUY,2012,67.2298,4.9,-58.9,160.97
Guyana,GUY,2013,67.4727,4.9,-58.9,160.97
Guyana,GUY,2014,67.8818,4.9,-58.9,160.97
Guyana,GUY,2015,68.2015,4.9,-58.9,160.97
Guyana,GUY,2016,68.384,4.9,-58.9,160.97
Guyana,GUY,2017,68.6668,4.9,-58.9,160.97
Guyana,GUY,2018,68.8959,4.9,-58.9,160.97
Guyana,GUY,2019,69.1239,4.9,-58.9,160.97
Guyana,GUY,2020,68.4858,4.9,-58.9,160.97
Guyana,GUY,2021,65.6734,4.9,-58.9,160.97
Haiti,HTI,2010,46.0185,19,-72.3,82.98
Haiti,HTI,2011,61.6227,19,-72.3,82.98
Haiti,HTI,2012,62.2915,19,-72.3,82.98
Haiti,HTI,2013,62.6047,19,-72.3,82.98
Haiti,HTI,2014,62.9875,19,-72.3,82.98
Haiti,HTI,2015,63.2372,19,-72.3,82.98
Haiti,HTI,2016,63.3922,19,-72.3,82.98
Haiti,HTI,2017,63.8538,19,-72.3,82.98
Haiti,HTI,2018,64.0188,19,-72.3,82.98
Haiti,HTI,2019,64.2546,19,-72.3,82.98
Haiti,HTI,2020,64.0518,19,-72.3,82.98
Haiti,HTI,2021,63.1924,19,-72.3,82.98
Honduras,HND,2010,71.0884,15.2,-86.2,162.43
Honduras,HND,2011,71.4386,15.2,-86.2,162.43
Honduras,HND,2012,71.7344,15.2,-86.2,162.43
Honduras,HND,2013,71.9629,15.2,-86.2,162.43
Honduras,HND,2014,72.2594,15.2,-86.2,162.43
Honduras,HND,2015,72.4871,15.2,-86.2,162.43
Honduras,HND,2016,72.5878,15.2,-86.2,162.43
Honduras,HND,2017,72.6918,15.2,-86.2,162.43
Honduras,HND,2018,72.8141,15.2,-86.2,162.43
Honduras,HND,2019,72.8811,15.2,-86.2,162.43
Honduras,HND,2020,71.4619,15.2,-86.2,162.43
Honduras,HND,2021,70.1229,15.2,-86.2,162.43
Hungary,HUN,2010,74.5192,47.2,19.5,802.92
Hungary,HUN,2011,74.9232,47.2,19.5,802.92
Hungary,HUN,2012,75.1808,47.2,19.5,802.92
Hungary,HUN,2013,75.6809,47.2,19.5,802.92
Hungary,HUN,2014,75.8474,47.2,19.5,802.92
Hungary,HUN,2015,75.6517,47.2,19.5,802.92
Hungary,HUN,2016,76.1552,47.2,19.5,802.92
Hungary,HUN,2017,76.0055,47.2,19.5,802.92
Hungary,HUN,2018,76.2039,47.2,19.5,802.92
Hungary,HUN,2019,76.4543,47.2,19.5,802.92
Hungary,HUN,2020,75.7297,47.2,19.5,802.92
Hungary,HUN,2021,74.5301,47.2,19.5,802.92
Iceland,ISL,2010,81.7003,65,-19,2667.52
Iceland,ISL,2011,82.178,65,-19,2667.52
Iceland,ISL,2012,82.5564,65,-19,2667.52
Iceland,ISL,2013,81.9289,65,-19,2667.52
Iceland,ISL,2014,82.6133,65,-19,2667.52
Iceland,ISL,2015,82.3508,65,-19,2667.52
Iceland,ISL,2016,82.03,65,-19,2667.52
Iceland,ISL,2017,82.5352,65,-19,2667.52
Iceland,ISL,2018,82.7703,65,-19,2667.52
Iceland,ISL,2019,82.4042,65,-19,2667.52
Iceland,ISL,2020,82.5755,65,-19,2667.52
Iceland,ISL,2021,82.6782,65,-19,2667.52
India,IND,2010,66.9086,20.6,79,86.04
India,IND,2011,67.359,20.6,79,86.04
India,IND,2012,67.8872,20.6,79,86.04
India,IND,2013,68.4598,20.6,79,86.04
India,IND,2014,69.0736,20.6,79,86.04
India,IND,2015,69.6363,20.6,79,86.04
India,IND,2016,70.1167,20.6,79,86.04
India,IND,2017,70.4672,20.6,79,86.04
India,IND,2018,70.7095,20.6,79,86.04
India,IND,2019,70.9098,20.6,79,86.04
India,IND,2020,70.1499,20.6,79,86.04
India,IND,2021,67.2398,20.6,79,86.04
Indonesia,IDN,2010,68.6793,-0.8,113.9,95.61
Indonesia,IDN,2011,68.8228,-0.8,113.9,95.61
Indonesia,IDN,2012,68.973,-0.8,113.9,95.61
Indonesia,IDN,2013,69.2641,-0.8,113.9,95.61
Indonesia,IDN,2014,69.5333,-0.8,113.9,95.61
Indonesia,IDN,2015,69.6989,-0.8,113.9,95.61
Indonesia,IDN,2016,69.7976,-0.8,113.9,95.61
Indonesia,IDN,2017,69.9356,-0.8,113.9,95.61
Indonesia,IDN,2018,70.3375,-0.8,113.9,95.61
Indonesia,IDN,2019,70.5184,-0.8,113.9,95.61
Indonesia,IDN,2020,68.8077,-0.8,113.9,95.61
Indonesia,IDN,2021,67.5703,-0.8,113.9,95.61
Iran,IRN,2010,73.0691,32.4,53.7,499.15
Iran,IRN,2011,73.6786,32.4,53.7,499.15
Iran,IRN,2012,74.186,32.4,53.7,499.15
Iran,IRN,2013,74.4493,32.4,53.7,499.15
Iran,IRN,2014,74.7825,32.4,53.7,499.15
Iran,IRN,2015,75.1239,32.4,53.7,499.15
Iran,IRN,2016,75.6,32.4,53.7,499.15
Iran,IRN,2017,75.9712,32.4,53.7,499.15
Iran,IRN,2018,76.195,32.4,53.7,499.15
Iran,IRN,2019,76.1031,32.4,53.7,499.15
Iran,IRN,2020,74.832,32.4,53.7,499.15
Iran,IRN,2021,73.8749,32.4,53.7,499.15
Iraq,IRQ,2010,67.0622,33.2,43.7,179.3
Iraq,IRQ,2011,67.659,33.2,43.7,179.3
Iraq,IRQ,2012,68.0232,33.2,43.7,179.3
Iraq,IRQ,2013,68.2534,33.2,43.7,179.3
Iraq,IRQ,2014,68.9136,33.2,43.7,179.3
Iraq,IRQ,2015,69.4403,33.2,43.7,179.3
Iraq,IRQ,2016,68.9878,33.2,43.7,179.3
Iraq,IRQ,2017,70.4126,33.2,43.7,179.3
Iraq,IRQ,2018,71.5143,33.2,43.7,179.3
Iraq,IRQ,2019,71.5764,33.2,43.7,179.3
Iraq,IRQ,2020,69.1228,33.2,43.7,179.3
Iraq,IRQ,2021,70.3779,33.2,43.7,179.3
Ireland,IRL,2010,80.5226,53.4,-8.2,1795.64
Ireland,IRL,2011,80.6332,53.4,-8.2,1795.64
Ireland,IRL,2012,80.7523,53.4,-8.2,1795.64
Ireland,IRL,2013,80.9675,53.4,-8.2,1795.64
Ireland,IRL,2014,81.3067,53.4,-8.2,1795.64
Ireland,IRL,2015,81.4163,53.4,-8.2,1795.64
Ireland,IRL,2016,81.5498,53.4,-8.2,1795.64
Ireland,IRL,2017,81.9168,53.4,-8.2,1795.64
Ireland,IRL,2018,82.0863,53.4,-8.2,1795.64
Ireland,IRL,2019,82.2586,53.4,-8.2,1795.64
Ireland,IRL,2020,82.4699,53.4,-8.2,1795.64
Ireland,IRL,2021,81.9976,53.4,-8.2,1795.64
Israel,ISR,2010,81.7443,31,34.9,1793.57
Israel,ISR,2011,81.7274,31,34.9,1793.57
Israel,ISR,2012,81.7346,31,34.9,1793.57
Israel,ISR,2013,82.1154,31,34.9,1793.57
Israel,ISR,2014,82.2236,31,34.9,1793.57
Israel,ISR,2015,82.0999,31,34.9,1793.57
Israel,ISR,2016,82.4854,31,34.9,1793.57
Israel,ISR,2017,82.7195,31,34.9,1793.57
Israel,ISR,2018,82.8232,31,34.9,1793.57
Israel,ISR,2019,82.8123,31,34.9,1793.57
Israel,ISR,2020,82.3598,31,34.9,1793.57
Israel,ISR,2021,82.255,31,34.9,1793.57
Italy,ITA,2010,82.1371,41.9,12.6,2050.04
Italy,ITA,2011,82.235,41.9,12.6,2050.04
Italy,ITA,2012,82.2588,41.9,12.6,2050.04
Italy,ITA,2013,82.6599,41.9,12.6,2050.04
Italy,ITA,2014,82.908,41.9,12.6,2050.04
Italy,ITA,2015,82.5255,41.9,12.6,2050.04
Italy,ITA,2016,83.0492,41.9,12.6,2050.04
Italy,ITA,2017,82.7282,41.9,12.6,2050.04
Italy,ITA,2018,83.1847,41.9,12.6,2050.04
Italy,ITA,2019,83.552,41.9,12.6,2050.04
Italy,ITA,2020,82.3953,41.9,12.6,2050.04
Italy,ITA,2021,82.8502,41.9,12.6,2050.04
Jamaica,JAM,2010,72.6219,18.1,-77.3,358.76
Jamaica,JAM,2011,73.0942,18.1,-77.3,358.76
Jamaica,JAM,2012,73.4335,18.1,-77.3,358.76
Jamaica,JAM,2013,73.4119,18.1,-77.3,358.76
Jamaica,JAM,2014,72.982,18.1,-77.3,358.76
Jamaica,JAM,2015,72.394,18.1,-77.3,358.76
Jamaica,JAM,2016,72.0198,18.1,-77.3,358.76
Jamaica,JAM,2017,71.9114,18.1,-77.3,358.76
Jamaica,JAM,2018,71.793,18.1,-77.3,358.76
Jamaica,JAM,2019,71.767,18.1,-77.3,358.76
Jamaica,JAM,2020,71.8686,18.1,-77.3,358.76
Jamaica,JAM,2021,70.5003,18.1,-77.3,358.76
Japan,JPN,2010,82.9193,36.2,138.3,1908.96
Japan,JPN,2011,82.6756,36.2,138.3,1908.96
Japan,JPN,2012,83.1755,36.2,138.3,1908.96
Japan,JPN,2013,83.4107,36.2,138.3,1908.96
Japan,JPN,2014,83.6525,36.2,138.3,1908.96
Japan,JPN,2015,83.8928,36.2,138.3,1908.96
Japan,JPN,2016,84.0664,36.2,138.3,1908.96
Japan,JPN,2017,84.1976,36.2,138.3,1908.96
Japan,JPN,2018,84.2971,36.2,138.3,1908.96
Japan,JPN,2019,84.4258,36.2,138.3,1908.96
Japan,JPN,2020,84.6879,36.2,138.3,1908.96
Japan,JPN,2021,84.7839,36.2,138.3,1908.96
Jordan,JOR,2010,73.9996,30.6,36.2,572.1
Jordan,JOR,2011,74.1891,30.6,36.2,572.1
Jordan,JOR,2012,74.3659,30.6,36.2,572.1
Jordan,JOR,2013,74.5621,30.6,36.2,572.1
Jordan,JOR,2014,74.7889,30.6,36.2,572.1
Jordan,JOR,2015,75.0112,30.6,36.2,572.1
Jordan,JOR,2016,75.2153,30.6,36.2,572.1
Jordan,JOR,2017,75.5018,30.6,36.2,572.1
Jordan,JOR,2018,75.7743,30.6,36.2,572.1
Jordan,JOR,2019,76.044,30.6,36.2,572.1
Jordan,JOR,2020,75.1843,30.6,36.2,572.1
Jordan,JOR,2021,74.2563,30.6,36.2,572.1
Kazakhstan,KAZ,2010,68.1157,48,66.9,320.91
Kazakhstan,KAZ,2011,68.7452,48,66.9,320.91
Kazakhstan,KAZ,2012,69.1295,48,66.9,320.91
Kazakhstan,KAZ,2013,69.8136,48,66.9,320.91
Kazakhstan,KAZ,2014,70.3334,48,66.9,320.91
Kazakhstan,KAZ,2015,70.7265,48,66.9,320.91
Kazakhstan,KAZ,2016,70.8984,48,66.9,320.91
Kazakhstan,KAZ,2017,71.3958,48,66.9,320.91
Kazakhstan,KAZ,2018,71.4717,48,66.9,320.91
Kazakhstan,KAZ,2019,71.5675,48,66.9,320.91
Kazakhstan,KAZ,2020,70.0304,48,66.9,320.91
Kazakhstan,KAZ,2021,69.3622,48,66.9,320.91
Kenya,KEN,2010,60.649,0,37.9,72.85
Kenya,KEN,2011,61.0458,0,37.9,72.85
Kenya,KEN,2012,61.1152,0,37.9,72.85
Kenya,KEN,2013,61.3891,0,37.9,72.85
Kenya,KEN,2014,61.8162,0,37.9,72.85
Kenya,KEN,2015,61.8922,0,37.9,72.85
Kenya,KEN,2016,62.1632,0,37.9,72.85
Kenya,KEN,2017,62.4808,0,37.9,72.85
Kenya,KEN,2018,62.6765,0,37.9,72.85
Kenya,KEN,2019,62.9432,0,37.9,72.85
Kenya,KEN,2020,62.6755,0,37.9,72.85
Kenya,KEN,2021,61.427,0,37.9,72.85
Kiribati,KIR,2010,65.0161,-3.4,-168.7,136.86
Kiribati,KIR,2011,65.1901,-3.4,-168.7,136.86
Kiribati,KIR,2012,65.3776,-3.4,-168.7,136.86
Kiribati,KIR,2013,65.5884,-3.4,-168.7,136.86
Kiribati,KIR,2014,65.8147,-3.4,-168.7,136.86
Kiribati,KIR,2015,66.0589,-3.4,-168.7,136.86
Kiribati,KIR,2016,66.3316,-3.4,-168.7,136.86
Kiribati,KIR,2017,66.5965,-3.4,-168.7,136.86
Kiribati,KIR,2018,66.8545,-3.4,-168.7,136.86
Kiribati,KIR,2019,67.1497,-3.4,-168.7,136.86
Kiribati,KIR,2020,67.2659,-3.4,-168.7,136.86
Kiribati,KIR,2021,67.4172,-3.4,-168.7,136.86
Kuwait,KWT,2010,77.9817,29.3,47.5,1237.95
Kuwait,KWT,2011,78.4636,29.3,47.5,1237.95
Kuwait,KWT,2012,78.8118,29.3,47.5,1237.95
Kuwait,KWT,2013,79.1641,29.3,47.5,1237.95
Kuwait,KWT,2014,79.4449,29.3,47.5,1237.95
Kuwait,KWT,2015,79.5624,29.3,47.5,1237.95
Kuwait,KWT,2016,79.7011,29.3,47.5,1237.95
Kuwait,KWT,2017,79.7806,29.3,47.5,1237.95
Kuwait,KWT,2018,79.7217,29.3,47.5,1237.95
Kuwait,KWT,2019,79.685,29.3,47.5,1237.95
Kuwait,KWT,2020,76.9198,29.3,47.5,1237.95
Kuwait,KWT,2021,78.6729,29.3,47.5,1237.95
Kyrgyzstan,KGZ,2010,68.254,41.2,74.8,81.9
Kyrgyzstan,KGZ,2011,68.5778,41.2,74.8,81.9
Kyrgyzstan,KGZ,2012,68.9933,41.2,74.8,81.9
Kyrgyzstan,KGZ,2013,69.2173,41.2,74.8,81.9
Kyrgyzstan,KGZ,2014,69.8862,41.2,74.8,81.9
Kyrgyzstan,KGZ,2015,69.9963,41.2,74.8,81.9
Kyrgyzstan,KGZ,2016,70.2761,41.2,74.8,81.9
Kyrgyzstan,KGZ,2017,70.5877,41.2,74.8,81.9
Kyrgyzstan,KGZ,2018,70.728,41.2,74.8,81.9
Kyrgyzstan,KGZ,2019,71.2301,41.2,74.8,81.9
Kyrgyzstan,KGZ,2020,69.6291,41.2,74.8,81.9
Kyrgyzstan,KGZ,2021,69.9774,41.2,74.8,81.9
Laos,LAO,2010,63.9731,19.9,102.5,81.15
Laos,LAO,2011,64.7362,19.9,102.5,81.15
Laos,LAO,2012,65.3554,19.9,102.5,81.15
Laos,LAO,2013,65.7182,19.9,102.5,81.15
Laos,LAO,2014,66.3605,19.9,102.5,81.15
Laos,LAO,2015,66.67,19.9,102.5,81.15
Laos,LAO,2016,67.1667,19.9,102.5,81.15
Laos,LAO,2017,67.4344,19.9,102.5,81.15
Laos,LAO,2018,67.6341,19.9,102.5,81.15
Laos,LAO,2019,68.1382,19.9,102.5,81.15
Laos,LAO,2020,68.4968,19.9,102.5,81.15
Laos,LAO,2021,68.0608,19.9,102.5,81.15
Latvia,LVA,2010,72.9538,56.9,24.6,434.41
Latvia,LVA,2011,73.6934,56.9,24.6,434.41
Latvia,LVA,2012,73.7447,56.9,24.6,434.41
Latvia,LVA,2013,74.1825,56.9,24.6,434.41
Latvia,LVA,2014,74.4319,56.9,24.6,434.41
Latvia,LVA,2015,74.6854,56.9,24.6,434.41
Latvia,LVA,2016,74.7535,56.9,24.6,434.41
Latvia,LVA,2017,74.8054,56.9,24.6,434.41
Latvia,LVA,2018,75.0012,56.9,24.6,434.41
Latvia,LVA,2019,75.5337,56.9,24.6,434.41
Latvia,LVA,2020,75.4526,56.9,24.6,434.41
Latvia,LVA,2021,73.5786,56.9,24.6,434.41
Lebanon,LBN,2010,78.1559,33.9,35.9,955.88
Lebanon,LBN,2011,78.4036,33.9,35.9,955.88
Lebanon,LBN,2012,78.6284,33.9,35.9,955.88
Lebanon,LBN,2013,78.7652,33.9,35.9,955.88
Lebanon,LBN,2014,78.9727,33.9,35.9,955.88
Lebanon,LBN,2015,79.2294,33.9,35.9,955.88
Lebanon,LBN,2016,79.5054,33.9,35.9,955.88
Lebanon,LBN,2017,79.6543,33.9,35.9,955.88
Lebanon,LBN,2018,79.729,33.9,35.9,955.88
Lebanon,LBN,2019,79.2359,33.9,35.9,955.88
Lebanon,LBN,2020,77.8038,33.9,35.9,955.88
Lebanon,LBN,2021,75.0472,33.9,35.9,955.88
Lesotho,LSO,2010,45.5955,-29.6,28.2,67.34
Lesotho,LSO,2011,46.6919,-29.6,28.2,67.34
Lesotho,LSO,2012,47.8354,-29.6,28.2,67.34
Lesotho,LSO,2013,49.0024,-29.6,28.2,67.34
Lesotho,LSO,2014,50.0327,-29.6,28.2,67.34
Lesotho,LSO,2015,51.1014,-29.6,28.2,67.34
Lesotho,LSO,2016,52.2641,-29.6,28.2,67.34
Lesotho,LSO,2017,53.0636,-29.6,28.2,67.34
Lesotho,LSO,2018,53.733,-29.6,28.2,67.34
Lesotho,LSO,2019,54.1726,-29.6,28.2,67.34
Lesotho,LSO,2020,54.6933,-29.6,28.2,67.34
Lesotho,LSO,2021,53.062,-29.6,28.2,67.34
Liberia,LBR,2010,59.4331,6.4,-9.4,42.15
Liberia,LBR,2011,59.6198,6.4,-9.4,42.15
Liberia,LBR,2012,59.9128,6.4,-9.4,42.15
Liberia,LBR,2013,59.9426,6.4,-9.4,42.15
Liberia,LBR,2014,59.1208,6.4,-9.4,42.15
Liberia,LBR,2015,59.1485,6.4,-9.4,42.15
Liberia,LBR,2016,60.4162,6.4,-9.4,42.15
Liberia,LBR,2017,60.5535,6.4,-9.4,42.15
Liberia,LBR,2018,60.8532,6.4,-9.4,42.15
Liberia,LBR,2019,61.1044,6.4,-9.4,42.15
Liberia,LBR,2020,60.9476,6.4,-9.4,42.15
Liberia,LBR,2021,60.7472,6.4,-9.4,42.15
Libya,LBY,2010,72.3741,26.3,17.2,618.07
Libya,LBY,2011,70.0707,26.3,17.2,618.07
Libya,LBY,2012,72.2473,26.3,17.2,618.07
Libya,LBY,2013,72.3397,26.3,17.2,618.07
Libya,LBY,2014,71.5114,26.3,17.2,618.07
Libya,LBY,2015,71.6982,26.3,17.2,618.07
Libya,LBY,2016,71.756,26.3,17.2,618.07
Libya,LBY,2017,72.4818,26.3,17.2,618.07
Libya,LBY,2018,72.7938,26.3,17.2,618.07
Libya,LBY,2019,72.4634,26.3,17.2,618.07
Libya,LBY,2020,72.4722,26.3,17.2,618.07
Libya,LBY,2021,71.9112,26.3,17.2,618.07
Lithuania,LTU,2010,73.4236,55.2,23.9,521.96
Lithuania,LTU,2011,73.9256,55.2,23.9,521.96
Lithuania,LTU,2012,74.2029,55.2,23.9,521.96
Lithuania,LTU,2013,74.3116,55.2,23.9,521.96
Lithuania,LTU,2014,74.8426,55.2,23.9,521.96
Lithuania,LTU,2015,74.6103,55.2,23.9,521.96
Lithuania,LTU,2016,74.8816,55.2,23.9,521.96
Lithuania,LTU,2017,75.4399,55.2,23.9,521.96
Lithuania,LTU,2018,75.6767,55.2,23.9,521.96
Lithuania,LTU,2019,76.2119,55.2,23.9,521.96
Lithuania,LTU,2020,75.0676,55.2,23.9,521.96
Lithuania,LTU,2021,73.7201,55.2,23.9,521.96
Luxembourg,LUX,2010,80.5731,49.8,6.1,3287.65
Luxembourg,LUX,2011,80.7663,49.8,6.1,3287.65
Luxembourg,LUX,2012,80.9818,49.8,6.1,3287.65
Luxembourg,LUX,2013,81.3663,49.8,6.1,3287.65
Luxembourg,LUX,2014,81.7343,49.8,6.1,3287.65
Luxembourg,LUX,2015,81.8384,49.8,6.1,3287.65
Luxembourg,LUX,2016,82.0535,49.8,6.1,3287.65
Luxembourg,LUX,2017,81.734,49.8,6.1,3287.65
Luxembourg,LUX,2018,81.8035,49.8,6.1,3287.65
Luxembourg,LUX,2019,82.1434,49.8,6.1,3287.65
Luxembourg,LUX,2020,81.4335,49.8,6.1,3287.65
Luxembourg,LUX,2021,82.6287,49.8,6.1,3287.65
Madagascar,MDG,2010,62.8729,-18.8,46.9,57.92
Madagascar,MDG,2011,63.4942,-18.8,46.9,57.92
Madagascar,MDG,2012,63.5436,-18.8,46.9,57.92
Madagascar,MDG,2013,63.9616,-18.8,46.9,57.92
Madagascar,MDG,2014,64.2553,-18.8,46.9,57.92
Madagascar,MDG,2015,64.339,-18.8,46.9,57.92
Madagascar,MDG,2016,64.9969,-18.8,46.9,57.92
Madagascar,MDG,2017,65.0938,-18.8,46.9,57.92
Madagascar,MDG,2018,65.2697,-18.8,46.9,57.92
Madagascar,MDG,2019,65.8821,-18.8,46.9,57.92
Madagascar,MDG,2020,65.182,-18.8,46.9,57.92
Madagascar,MDG,2021,64.4853,-18.8,46.9,57.92
Malawi,MWI,2010,56.3806,-13.3,34.3,24.81
Malawi,MWI,2011,57.4547,-13.3,34.3,24.81
Malawi,MWI,2012,58.6786,-13.3,34.3,24.81
Malawi,MWI,2013,59.7288,-13.3,34.3,24.81
Malawi,MWI,2014,60.8991,-13.3,34.3,24.81
Malawi,MWI,2015,61.3781,-13.3,34.3,24.81
Malawi,MWI,2016,62.2093,-13.3,34.3,24.81
Malawi,MWI,2017,62.9769,-13.3,34.3,24.81
Malawi,MWI,2018,63.2758,-13.3,34.3,24.81
Malawi,MWI,2019,64.1188,-13.3,34.3,24.81
Malawi,MWI,2020,63.7167,-13.3,34.3,24.81
Malawi,MWI,2021,62.9044,-13.3,34.3,24.81
Malaysia,MYS,2010,74.4423,4.2,102,353.66
Malaysia,MYS,2011,74.7459,4.2,102,353.66
Malaysia,MYS,2012,74.944,4.2,102,353.66
Malaysia,MYS,2013,75.0348,4.2,102,353.66
Malaysia,MYS,2014,75.1459,4.2,102,353.66
Malaysia,MYS,2015,75.0942,4.2,102,353.66
Malaysia,MYS,2016,75.2888,4.2,102,353.66
Malaysia,MYS,2017,75.4763,4.2,102,353.66
Malaysia,MYS,2018,75.6444,4.2,102,353.66
Malaysia,MYS,2019,75.7603,4.2,102,353.66
Malaysia,MYS,2020,75.9378,4.2,102,353.66
Malaysia,MYS,2021,74.8839,4.2,102,353.66
Maldives,MDV,2010,77.6573,3.2,73.2,818.67
Maldives,MDV,2011,78.1245,3.2,73.2,818.67
Maldives,MDV,2012,78.6822,3.2,73.2,818.67
Maldives,MDV,2013,79.0566,3.2,73.2,818.67
Maldives,MDV,2014,79.424,3.2,73.2,818.67
Maldives,MDV,2015,79.6953,3.2,73.2,818.67
Maldives,MDV,2016,79.872,3.2,73.2,818.67
Maldives,MDV,2017,79.9429,3.2,73.2,818.67
Maldives,MDV,2018,80.0132,3.2,73.2,818.67
Maldives,MDV,2019,80.116,3.2,73.2,818.67
Maldives,MDV,2020,79.8747,3.2,73.2,818.67
Maldives,MDV,2021,79.9182,3.2,73.2,818.67
Mali,MLI,2010,56.3817,17.6,-4,62.02
Mali,MLI,2011,56.7553,17.6,-4,62.02
Mali,MLI,2012,57.0792,17.6,-4,62.02
Mali,MLI,2013,57.3567,17.6,-4,62.02
Mali,MLI,2014,57.9003,17.6,-4,62.02
Mali,MLI,2015,58.3632,17.6,-4,62.02
Mali,MLI,2016,58.7313,17.6,-4,62.02
Mali,MLI,2017,59.1322,17.6,-4,62.02
Mali,MLI,2018,59.3934,17.6,-4,62.02
Mali,MLI,2019,59.6637,17.6,-4,62.02
Mali,MLI,2020,58.6331,17.6,-4,62.02
Mali,MLI,2021,58.9414,17.6,-4,62.02
Malta,MLT,2010,81.8134,35.9,14.4,1211.16
Malta,MLT,2011,81.1465,35.9,14.4,1211.16
Malta,MLT,2012,81.3905,35.9,14.4,1211.16
Malta,MLT,2013,82.0149,35.9,14.4,1211.16
Malta,MLT,2014,82.7362,35.9,14.4,1211.16
Malta,MLT,2015,82.9621,35.9,14.4,1211.16
Malta,MLT,2016,83.1107,35.9,14.4,1211.16
Malta,MLT,2017,83.5867,35.9,14.4,1211.16
Malta,MLT,2018,83.3448,35.9,14.4,1211.16
Malta,MLT,2019,83.2065,35.9,14.4,1211.16
Malta,MLT,2020,83.3545,35.9,14.4,1211.16
Malta,MLT,2021,83.7769,35.9,14.4,1211.16
Marshall Islands,MHL,2010,63.2261,7.1,171.2,406.75
Marshall Islands,MHL,2011,63.2558,7.1,171.2,406.75
Marshall Islands,MHL,2012,63.3733,7.1,171.2,406.75
Marshall Islands,MHL,2013,63.4642,7.1,171.2,406.75
Marshall Islands,MHL,2014,63.6229,7.1,171.2,406.75
Marshall Islands,MHL,2015,63.8274,7.1,171.2,406.75
Marshall Islands,MHL,2016,64.0569,7.1,171.2,406.75
Marshall Islands,MHL,2017,64.2696,7.1,171.2,406.75
Marshall Islands,MHL,2018,64.5001,7.1,171.2,406.75
Marshall Islands,MHL,2019,64.7458,7.1,171.2,406.75
Marshall Islands,MHL,2020,64.977,7.1,171.2,406.75
Marshall Islands,MHL,2021,65.2688,7.1,171.2,406.75
Mauritania,MRT,2010,63.1049,21,-10.9,105.85
Mauritania,MRT,2011,63.3456,21,-10.9,105.85
Mauritania,MRT,2012,63.5779,21,-10.9,105.85
Mauritania,MRT,2013,63.9106,21,-10.9,105.85
Mauritania,MRT,2014,64.1546,21,-10.9,105.85
Mauritania,MRT,2015,64.4847,21,-10.9,105.85
Mauritania,MRT,2016,64.7679,21,-10.9,105.85
Mauritania,MRT,2017,65.0827,21,-10.9,105.85
Mauritania,MRT,2018,65.31,21,-10.9,105.85
Mauritania,MRT,2019,65.6869,21,-10.9,105.85
Mauritania,MRT,2020,64.5321,21,-10.9,105.85
Mauritania,MRT,2021,64.3636,21,-10.9,105.85
Mauritius,MUS,2010,73.9987,-20.3,57.6,273.36
Mauritius,MUS,2011,74.2406,-20.3,57.6,273.36
Mauritius,MUS,2012,74.368,-20.3,57.6,273.36
Mauritius,MUS,2013,74.7117,-20.3,57.6,273.36
Mauritius,MUS,2014,74.8523,-20.3,57.6,273.36
Mauritius,MUS,2015,74.9754,-20.3,57.6,273.36
Mauritius,MUS,2016,75.0114,-20.3,57.6,273.36
Mauritius,MUS,2017,74.8812,-20.3,57.6,273.36
Mauritius,MUS,2018,74.9194,-20.3,57.6,273.36
Mauritius,MUS,2019,75.1179,-20.3,57.6,273.36
Mauritius,MUS,2020,74.3306,-20.3,57.6,273.36
Mauritius,MUS,2021,73.5552,-20.3,57.6,273.36
Mexico,MEX,2010,74.1901,23.6,-102.6,493.4
Mexico,MEX,2011,74.3651,23.6,-102.6,493.4
Mexico,MEX,2012,74.574,23.6,-102.6,493.4
Mexico,MEX,2013,74.7391,23.6,-102.6,493.4
Mexico,MEX,2014,74.7974,23.6,-102.6,493.4
Mexico,MEX,2015,74.6822,23.6,-102.6,493.4
Mexico,MEX,2016,74.4122,23.6,-102.6,493.4
Mexico,MEX,2017,74.1378,23.6,-102.6,493.4
Mexico,MEX,2018,74.0146,23.6,-102.6,493.4
Mexico,MEX,2019,74.2021,23.6,-102.6,493.4
Mexico,MEX,2020,70.1328,23.6,-102.6,493.4
Mexico,MEX,2021,70.2127,23.6,-102.6,493.4
Moldova,MDA,2010,69.3569,47.4,28.4,149.62
Moldova,MDA,2011,69.1919,47.4,28.4,149.62
Moldova,MDA,2012,69.1431,47.4,28.4,149.62
Moldova,MDA,2013,69.0988,47.4,28.4,149.62
Moldova,MDA,2014,69.0307,47.4,28.4,149.62
Moldova,MDA,2015,69.2396,47.4,28.4,149.62
Moldova,MDA,2016,69.9169,47.4,28.4,149.62
Moldova,MDA,2017,70.5155,47.4,28.4,149.62
Moldova,MDA,2018,70.4916,47.4,28.4,149.62
Moldova,MDA,2019,70.9351,47.4,28.4,149.62
Moldova,MDA,2020,70.1665,47.4,28.4,149.62
Moldova,MDA,2021,68.8459,47.4,28.4,149.62
Monaco,MCO,2010,84.6304,43.8,7.4,1642.68
Monaco,MCO,2011,85.6032,43.8,7.4,1642.68
Monaco,MCO,2012,84.5293,43.8,7.4,1642.68
Monaco,MCO,2013,84.8656,43.8,7.4,1642.68
Monaco,MCO,2014,84.8804,43.8,7.4,1642.68
Monaco,MCO,2015,85.2585,43.8,7.4,1642.68
Monaco,MCO,2016,85.7228,43.8,7.4,1642.68
Monaco,MCO,2017,85.6525,43.8,7.4,1642.68
Monaco,MCO,2018,86.4643,43.8,7.4,1642.68
Monaco,MCO,2019,86.5424,43.8,7.4,1642.68
Monaco,MCO,2020,86.538,43.8,7.4,1642.68
Monaco,MCO,2021,85.9463,43.8,7.4,1642.68
Mongolia,MNG,2010,67.1822,46.9,103.8,212.4
Mongolia,MNG,2011,67.4393,46.9,103.8,212.4
Mongolia,MNG,2012,68.1114,46.9,103.8,212.4
Mongolia,MNG,2013,68.5854,46.9,103.8,212.4
Mongolia,MNG,2014,69.0472,46.9,103.8,212.4
Mongolia,MNG,2015,69.4977,46.9,103.8,212.4
Mongolia,MNG,2016,69.8647,46.9,103.8,212.4
Mongolia,MNG,2017,70.2375,46.9,103.8,212.4
Mongolia,MNG,2018,71.1992,46.9,103.8,212.4
Mongolia,MNG,2019,71.8221,46.9,103.8,212.4
Mongolia,MNG,2020,72.141,46.9,103.8,212.4
Mongolia,MNG,2021,70.9754,46.9,103.8,212.4
Montenegro,MNE,2010,76.1387,42.7,19.4,1143.51
Montenegro,MNE,2011,76.0684,42.7,19.4,1143.51
Montenegro,MNE,2012,76.3268,42.7,19.4,1143.51
Montenegro,MNE,2013,76.6085,42.7,19.4,1143.51
Montenegro,MNE,2014,76.7465,42.7,19.4,1143.51
Montenegro,MNE,2015,76.7561,42.7,19.4,1143.51
Montenegro,MNE,2016,76.7462,42.7,19.4,1143.51
Montenegro,MNE,2017,76.9388,42.7,19.4,1143.51
Montenegro,MNE,2018,77.1595,42.7,19.4,1143.51
Montenegro,MNE,2019,77.0396,42.7,19.4,1143.51
Montenegro,MNE,2020,76.2575,42.7,19.4,1143.51
Montenegro,MNE,2021,76.3426,42.7,19.4,1143.51
Morocco,MAR,2010,70.8288,31.8,-7.1,143.94
Morocco,MAR,2011,71.2691,31.8,-7.1,143.94
Morocco,MAR,2012,71.6789,31.8,-7.1,143.94
Morocco,MAR,2013,72.1223,31.8,-7.1,143.94
Morocco,MAR,2014,72.5377,31.8,-7.1,143.94
Morocco,MAR,2015,72.9197,31.8,-7.1,143.94
Morocco,MAR,2016,73.284,31.8,-7.1,143.94
Morocco,MAR,2017,73.6603,31.8,-7.1,143.94
Morocco,MAR,2018,73.9863,31.8,-7.1,143.94
Morocco,MAR,2019,74.2705,31.8,-7.1,143.94
Morocco,MAR,2020,73.9199,31.8,-7.1,143.94
Morocco,MAR,2021,74.0419,31.8,-7.1,143.94
Mozambique,MOZ,2010,54.1984,-18.7,35.5,10.61
Mozambique,MOZ,2011,54.869,-18.7,35.5,10.61
Mozambique,MOZ,2012,55.6387,-18.7,35.5,10.61
Mozambique,MOZ,2013,56.4919,-18.7,35.5,10.61
Mozambique,MOZ,2014,57.2742,-18.7,35.5,10.61
Mozambique,MOZ,2015,58.1509,-18.7,35.5,10.61
Mozambique,MOZ,2016,59.038,-18.7,35.5,10.61
Mozambique,MOZ,2017,59.7709,-18.7,35.5,10.61
Mozambique,MOZ,2018,60.5261,-18.7,35.5,10.61
Mozambique,MOZ,2019,61.1662,-18.7,35.5,10.61
Mozambique,MOZ,2020,61.1722,-18.7,35.5,10.61
Mozambique,MOZ,2021,59.3247,-18.7,35.5,10.61
Namibia,NAM,2010,56.0153,-23,18.5,503.87
Namibia,NAM,2011,56.553,-23,18.5,503.87
Namibia,NAM,2012,57.64,-23,18.5,503.87
Namibia,NAM,2013,58.6938,-23,18.5,503.87
Namibia,NAM,2014,59.8217,-23,18.5,503.87
Namibia,NAM,2015,60.7002,-23,18.5,503.87
Namibia,NAM,2016,61.6825,-23,18.5,503.87
Namibia,NAM,2017,62.2931,-23,18.5,503.87
Namibia,NAM,2018,62.5859,-23,18.5,503.87
Namibia,NAM,2019,63.075,-23,18.5,503.87
Namibia,NAM,2020,62.829,-23,18.5,503.87
Namibia,NAM,2021,59.269,-23,18.5,503.87
Nauru,NRU,2010,59.6402,-0.5,166.9,1157.09
Nauru,NRU,2011,60.2398,-0.5,166.9,1157.09
Nauru,NRU,2012,60.7152,-0.5,166.9,1157.09
Nauru,NRU,2013,61.2314,-0.5,166.9,1157.09
Nauru,NRU,2014,61.8074,-0.5,166.9,1157.09
Nauru,NRU,2015,62.269,-0.5,166.9,1157.09
Nauru,NRU,2016,62.7018,-0.5,166.9,1157.09
Nauru,NRU,2017,62.988,-0.5,166.9,1157.09
Nauru,NRU,2018,63.2337,-0.5,166.9,1157.09
Nauru,NRU,2019,63.4845,-0.5,166.9,1157.09
Nauru,NRU,2020,63.4367,-0.5,166.9,1157.09
Nauru,NRU,2021,63.617,-0.5,166.9,1157.09
Nepal,NPL,2010,66.8138,28.4,84.1,42.34
Nepal,NPL,2011,67.313,28.4,84.1,42.34
Nepal,NPL,2012,67.47,28.4,84.1,42.34
Nepal,NPL,2013,67.9651,28.4,84.1,42.34
Nepal,NPL,2014,68.0855,28.4,84.1,42.34
Nepal,NPL,2015,67.4562,28.4,84.1,42.34
Nepal,NPL,2016,68.7758,28.4,84.1,42.34
Nepal,NPL,2017,68.9099,28.4,84.1,42.34
Nepal,NPL,2018,68.9786,28.4,84.1,42.34
Nepal,NPL,2019,69.5576,28.4,84.1,42.34
Nepal,NPL,2020,69.2456,28.4,84.1,42.34
Nepal,NPL,2021,68.4495,28.4,84.1,42.34
Netherlands,NLD,2010,80.8186,52.1,5.3,2466.85
Netherlands,NLD,2011,81.0999,52.1,5.3,2466.85
Netherlands,NLD,2012,81.0495,52.1,5.3,2466.85
Netherlands,NLD,2013,81.2919,52.1,5.3,2466.85
Netherlands,NLD,2014,81.6425,52.1,5.3,2466.85
Netherlands,NLD,2015,81.4821,52.1,5.3,2466.85
Netherlands,NLD,2016,81.547,52.1,5.3,2466.85
Netherlands,NLD,2017,81.7291,52.1,5.3,2466.85
Netherlands,NLD,2018,81.7741,52.1,5.3,2466.85
Netherlands,NLD,2019,82.0455,52.1,5.3,2466.85
Netherlands,NLD,2020,81.6381,52.1,5.3,2466.85
Netherlands,NLD,2021,81.6873,52.1,5.3,2466.85
New Zealand,NZL,2010,81.1019,-40.9,174.9,1606.6
New Zealand,NZL,2011,80.8863,-40.9,174.9,1606.6
New Zealand,NZL,2012,81.2089,-40.9,174.9,1606.6
New Zealand,NZL,2013,81.6518,-40.9,174.9,1606.6
New Zealand,NZL,2014,81.7921,-40.9,174.9,1606.6
New Zealand,NZL,2015,81.9765,-40.9,174.9,1606.6
New Zealand,NZL,2016,82.07,-40.9,174.9,1606.6
New Zealand,NZL,2017,82.2189,-40.9,174.9,1606.6
New Zealand,NZL,2018,82.3803,-40.9,174.9,1606.6
New Zealand,NZL,2019,82.5665,-40.9,174.9,1606.6
New Zealand,NZL,2020,82.7419,-40.9,174.9,1606.6
New Zealand,NZL,2021,82.4513,-40.9,174.9,1606.6
Nicaragua,NIC,2010,72.009,12.9,-85.2,145.81
Nicaragua,NIC,2011,72.4162,12.9,-85.2,145.81
Nicaragua,NIC,2012,72.6148,12.9,-85.2,145.81
Nicaragua,NIC,2013,72.7044,12.9,-85.2,145.81
Nicaragua,NIC,2014,72.8121,12.9,-85.2,145.81
Nicaragua,NIC,2015,72.983,12.9,-85.2,145.81
Nicaragua,NIC,2016,73.2562,12.9,-85.2,145.81
Nicaragua,NIC,2017,73.5536,12.9,-85.2,145.81
Nicaragua,NIC,2018,73.8497,12.9,-85.2,145.81
Nicaragua,NIC,2019,74.0543,12.9,-85.2,145.81
Nicaragua,NIC,2020,71.7954,12.9,-85.2,145.81
Nicaragua,NIC,2021,73.8368,12.9,-85.2,145.81
Niger,NER,2010,58.3668,17.6,8.1,36.33
Niger,NER,2011,58.9941,17.6,8.1,36.33
Niger,NER,2012,59.6498,17.6,8.1,36.33
Niger,NER,2013,60.239,17.6,8.1,36.33
Niger,NER,2014,60.786,17.6,8.1,36.33
Niger,NER,2015,61.0827,17.6,8.1,36.33
Niger,NER,2016,61.6288,17.6,8.1,36.33
Niger,NER,2017,62.1599,17.6,8.1,36.33
Niger,NER,2018,62.4544,17.6,8.1,36.33
Niger,NER,2019,62.8967,17.6,8.1,36.33
Niger,NER,2020,61.4506,17.6,8.1,36.33
Niger,NER,2021,61.5763,17.6,8.1,36.33
Nigeria,NGA,2010,50.9448,9.1,8.7,77.4
Nigeria,NGA,2011,51.3573,9.1,8.7,77.4
Nigeria,NGA,2012,51.4973,9.1,8.7,77.4
Nigeria,NGA,2013,51.7068,9.1,8.7,77.4
Nigeria,NGA,2014,51.7911,9.1,8.7,77.4
Nigeria,NGA,2015,51.8413,9.1,8.7,77.4
Nigeria,NGA,2016,52.0427,9.1,8.7,77.4
Nigeria,NGA,2017,52.3052,9.1,8.7,77.4
Nigeria,NGA,2018,52.5536,9.1,8.7,77.4
Nigeria,NGA,2019,52.9104,9.1,8.7,77.4
Nigeria,NGA,2020,52.887,9.1,8.7,77.4
Nigeria,NGA,2021,52.676,9.1,8.7,77.4
Norway,NOR,2010,81.0401,60.5,8.5,2857.77
Norway,NOR,2011,81.243,60.5,8.5,2857.77
Norway,NOR,2012,81.4437,60.5,8.5,2857.77
Norway,NOR,2013,81.6666,60.5,8.5,2857.77
Norway,NOR,2014,82.0859,60.5,8.5,2857.77
Norway,NOR,2015,82.2718,60.5,8.5,2857.77
Norway,NOR,2016,82.4147,60.5,8.5,2857.77
Norway,NOR,2017,82.624,60.5,8.5,2857.77
Norway,NOR,2018,82.7605,60.5,8.5,2857.77
Norway,NOR,2019,82.9552,60.5,8.5,2857.77
Norway,NOR,2020,83.1951,60.5,8.5,2857.77
Norway,NOR,2021,83.2339,60.5,8.5,2857.77
Oman,OMN,2010,76.2695,21.5,55.9,1101.54
Oman,OMN,2011,76.6075,21.5,55.9,1101.54
Oman,OMN,2012,77.0607,21.5,55.9,1101.54
Oman,OMN,2013,77.2465,21.5,55.9,1101.54
Oman,OMN,2014,77.4462,21.5,55.9,1101.54
Oman,OMN,2015,77.6869,21.5,55.9,1101.54
Oman,OMN,2016,77.9158,21.5,55.9,1101.54
Oman,OMN,2017,77.9243,21.5,55.9,1101.54
Oman,OMN,2018,77.9659,21.5,55.9,1101.54
Oman,OMN,2019,78.0022,21.5,55.9,1101.54
Oman,OMN,2020,74.7571,21.5,55.9,1101.54
Oman,OMN,2021,72.5406,21.5,55.9,1101.54
Pakistan,PAK,2010,64.4361,30.4,69.3,74.69
Pakistan,PAK,2011,64.6482,30.4,69.3,74.69
Pakistan,PAK,2012,64.7823,30.4,69.3,74.69
Pakistan,PAK,2013,65.1495,30.4,69.3,74.69
Pakistan,PAK,2014,65.2842,30.4,69.3,74.69
Pakistan,PAK,2015,65.6971,30.4,69.3,74.69
Pakistan,PAK,2016,65.8797,30.4,69.3,74.69
Pakistan,PAK,2017,66.2972,30.4,69.3,74.69
Pakistan,PAK,2018,66.482,30.4,69.3,74.69
Pakistan,PAK,2019,66.7558,30.4,69.3,74.69
Pakistan,PAK,2020,66.2695,30.4,69.3,74.69
Pakistan,PAK,2021,66.0979,30.4,69.3,74.69
Palau,PLW,2010,65.5975,7.5,134.6,872.16
Palau,PLW,2011,65.1546,7.5,134.6,872.16
Palau,PLW,2012,64.7077,7.5,134.6,872.16
Palau,PLW,2013,64.227,7.5,134.6,872.16
Palau,PLW,2014,63.8575,7.5,134.6,872.16
Palau,PLW,2015,63.7461,7.5,134.6,872.16
Palau,PLW,2016,63.8521,7.5,134.6,872.16
Palau,PLW,2017,64.0828,7.5,134.6,872.16
Palau,PLW,2018,64.3886,7.5,134.6,872.16
Palau,PLW,2019,64.8043,7.5,134.6,872.16
Palau,PLW,2020,65.3491,7.5,134.6,872.16
Palau,PLW,2021,66.0204,7.5,134.6,872.16
Panama,PAN,2010,76.4479,8.5,-80.8,587.76
Panama,PAN,2011,76.6269,8.5,-80.8,587.76
Panama,PAN,2012,76.8185,8.5,-80.8,587.76
Panama,PAN,2013,77.0378,8.5,-80.8,587.76
Panama,PAN,2014,77.2478,8.5,-80.8,587.76
Panama,PAN,2015,77.4684,8.5,-80.8,587.76
Panama,PAN,2016,77.6529,8.5,-80.8,587.76
Panama,PAN,2017,77.7954,8.5,-80.8,587.76
Panama,PAN,2018,77.8629,8.5,-80.8,587.76
Panama,PAN,2019,77.8103,8.5,-80.8,587.76
Panama,PAN,2020,76.657,8.5,-80.8,587.76
Panama,PAN,2021,76.2233,8.5,-80.8,587.76
Papua New Guinea,PNG,2010,63.0395,-6.3,144,39.56
Papua New Guinea,PNG,2011,63.5259,-6.3,144,39.56
Papua New Guinea,PNG,2012,63.7325,-6.3,144,39.56
Papua New Guinea,PNG,2013,63.9611,-6.3,144,39.56
Papua New Guinea,PNG,2014,64.2589,-6.3,144,39.56
Papua New Guinea,PNG,2015,64.7006,-6.3,144,39.56
Papua New Guinea,PNG,2016,64.8399,-6.3,144,39.56
Papua New Guinea,PNG,2017,65.1028,-6.3,144,39.56
Papua New Guinea,PNG,2018,65.1822,-6.3,144,39.56
Papua New Guinea,PNG,2019,65.4738,-6.3,144,39.56
Papua New Guinea,PNG,2020,65.7868,-6.3,144,39.56
Papua New Guinea,PNG,2021,65.3506,-6.3,144,39.56
Paraguay,PRY,2010,71.8872,-23.4,-58.4,400.48
Paraguay,PRY,2011,72.1314,-23.4,-58.4,400.48
Paraguay,PRY,2012,72.4536,-23.4,-58.4,400.48
Paraguay,PRY,2013,72.7568,-23.4,-58.4,400.48
Paraguay,PRY,2014,72.8777,-23.4,-58.4,400.48
Paraguay,PRY,2015,73.1905,-23.4,-58.4,400.48
Paraguay,PRY,2016,73.5336,-23.4,-58.4,400.48
Paraguay,PRY,2017,73.6436,-23.4,-58.4,400.48
Paraguay,PRY,2018,73.5676,-23.4,-58.4,400.48
Paraguay,PRY,2019,73.6207,-23.4,-58.4,400.48
Paraguay,PRY,2020,73.1816,-23.4,-58.4,400.48
Paraguay,PRY,2021,70.2617,-23.4,-58.4,400.48
Peru,PER,2010,73.7106,-9.2,-75,216.83
Peru,PER,2011,74.1327,-9.2,-75,216.83
Peru,PER,2012,74.544,-9.2,-75,216.83
Peru,PER,2013,74.9668,-9.2,-75,216.83
Peru,PER,2014,75.3334,-9.2,-75,216.83
Peru,PER,2015,75.6206,-9.2,-75,216.83
Peru,PER,2016,75.789,-9.2,-75,216.83
Peru,PER,2017,75.879,-9.2,-75,216.83
Peru,PER,2018,76.0089,-9.2,-75,216.83
Peru,PER,2019,76.1559,-9.2,-75,216.83
Peru,PER,2020,73.6655,-9.2,-75,216.83
Peru,PER,2021,72.3769,-9.2,-75,216.83
Philippines,PHL,2010,70.7542,12.9,121.8,105.08
Philippines,PHL,2011,70.7881,12.9,121.8,105.08
Philippines,PHL,2012,70.8813,12.9,121.8,105.08
Philippines,PHL,2013,70.8349,12.9,121.8,105.08
Philippines,PHL,2014,71.151,12.9,121.8,105.08
Philippines,PHL,2015,71.2684,12.9,121.8,105.08
Philippines,PHL,2016,71.3871,12.9,121.8,105.08
Philippines,PHL,2017,71.5156,12.9,121.8,105.08
Philippines,PHL,2018,71.689,12.9,121.8,105.08
Philippines,PHL,2019,71.8649,12.9,121.8,105.08
Philippines,PHL,2020,72.1191,12.9,121.8,105.08
Philippines,PHL,2021,69.2664,12.9,121.8,105.08
Poland,POL,2010,76.3175,51.9,19.1,564.51
Poland,POL,2011,76.6506,51.9,19.1,564.51
Poland,POL,2012,76.7138,51.9,19.1,564.51
Poland,POL,2013,76.9705,51.9,19.1,564.51
Poland,POL,2014,77.5691,51.9,19.1,564.51
Poland,POL,2015,77.4151,51.9,19.1,564.51
Poland,POL,2016,77.8025,51.9,19.1,564.51
Poland,POL,2017,77.7205,51.9,19.1,564.51
Poland,POL,2018,77.6282,51.9,19.1,564.51
Poland,POL,2019,77.9272,51.9,19.1,564.51
Poland,POL,2020,76.9424,51.9,19.1,564.51
Poland,POL,2021,76.4572,51.9,19.1,564.51
Portugal,PRT,2010,80.035,39.4,-8.2,1630.78
Portugal,PRT,2011,80.4971,39.4,-8.2,1630.78
Portugal,PRT,2012,80.4784,39.4,-8.2,1630.78
Portugal,PRT,2013,80.8172,39.4,-8.2,1630.78
Portugal,PRT,2014,81.2157,39.4,-8.2,1630.78
Portugal,PRT,2015,81.2093,39.4,-8.2,1630.78
Portugal,PRT,2016,81.2324,39.4,-8.2,1630.78
Portugal,PRT,2017,81.498,39.4,-8.2,1630.78
Portugal,PRT,2018,81.3947,39.4,-8.2,1630.78
Portugal,PRT,2019,81.7007,39.4,-8.2,1630.78
Portugal,PRT,2020,81.0545,39.4,-8.2,1630.78
Portugal,PRT,2021,81.0443,39.4,-8.2,1630.78
Qatar,QAT,2010,78.4251,25.4,51.2,1944.84
Qatar,QAT,2011,78.8911,25.4,51.2,1944.84
Qatar,QAT,2012,79.2265,25.4,51.2,1944.84
Qatar,QAT,2013,79.5364,25.4,51.2,1944.84
Qatar,QAT,2014,79.7677,25.4,51.2,1944.84
Qatar,QAT,2015,80.0639,25.4,51.2,1944.84
Qatar,QAT,2016,80.4335,25.4,51.2,1944.84
Qatar,QAT,2017,80.7171,25.4,51.2,1944.84
Qatar,QAT,2018,80.8982,25.4,51.2,1944.84
Qatar,QAT,2019,80.9897,25.4,51.2,1944.84
Qatar,QAT,2020,79.0987,25.4,51.2,1944.84
Qatar,QAT,2021,79.2716,25.4,51.2,1944.84
Romania,ROU,2010,73.9959,45.9,25,246.1
Romania,ROU,2011,74.4314,45.9,25,246.1
Romania,ROU,2012,74.3908,45.9,25,246.1
Romania,ROU,2013,74.9756,45.9,25,246.1
Romania,ROU,2014,74.9279,45.9,25,246.1
Romania,ROU,2015,74.7901,45.9,25,246.1
Romania,ROU,2016,75.2458,45.9,25,246.1
Romania,ROU,2017,75.9519,45.9,25,246.1
Romania,ROU,2018,76.1546,45.9,25,246.1
Romania,ROU,2019,76.5079,45.9,25,246.1
Romania,ROU,2020,75.3456,45.9,25,246.1
Romania,ROU,2021,74.1847,45.9,25,246.1
Russia,RUS,2010,69.386,61.5,105.3,367.58
Russia,RUS,2011,70.3981,61.5,105.3,367.58
Russia,RUS,2012,70.7695,61.5,105.3,367.58
Russia,RUS,2013,71.3025,61.5,105.3,367.58
Russia,RUS,2014,71.5664,61.5,105.3,367.58
Russia,RUS,2015,72.1006,61.5,105.3,367.58
Russia,RUS,2016,72.6609,61.5,105.3,367.58
Russia,RUS,2017,73.3743,61.5,105.3,367.58
Russia,RUS,2018,73.5306,61.5,105.3,367.58
Russia,RUS,2019,73.9332,61.5,105.3,367.58
Russia,RUS,2020,71.3423,61.5,105.3,367.58
Russia,RUS,2021,69.419,61.5,105.3,367.58
Rwanda,RWA,2010,62.5397,-1.9,29.9,22.92
Rwanda,RWA,2011,63.2615,-1.9,29.9,22.92
Rwanda,RWA,2012,64.0094,-1.9,29.9,22.92
Rwanda,RWA,2013,64.4257,-1.9,29.9,22.92
Rwanda,RWA,2014,64.9401,-1.9,29.9,22.92
Rwanda,RWA,2015,65.2977,-1.9,29.9,22.92
Rwanda,RWA,2016,65.7373,-1.9,29.9,22.92
Rwanda,RWA,2017,65.9409,-1.9,29.9,22.92
Rwanda,RWA,2018,66.2505,-1.9,29.9,22.92
Rwanda,RWA,2019,66.437,-1.9,29.9,22.92
Rwanda,RWA,2020,66.7741,-1.9,29.9,22.92
Rwanda,RWA,2021,66.0722,-1.9,29.9,22.92
Saint Kitts and Nevis,KNA,2010,71.2705,17.4,-62.8,784.15
Saint Kitts and Nevis,KNA,2011,71.5378,17.4,-62.8,784.15
Saint Kitts and Nevis,KNA,2012,71.669,17.4,-62.8,784.15
Saint Kitts and Nevis,KNA,2013,71.457,17.4,-62.8,784.15
Saint Kitts and Nevis,KNA,2014,70.9659,17.4,-62.8,784.15
Saint Kitts and Nevis,KNA,2015,70.763,17.4,-62.8,784.15
Saint Kitts and Nevis,KNA,2016,71.7405,17.4,-62.8,784.15
Saint Kitts and Nevis,KNA,2017,71.8399,17.4,-62.8,784.15
Saint Kitts and Nevis,KNA,2018,71.4671,17.4,-62.8,784.15
Saint Kitts and Nevis,KNA,2019,71.5717,17.4,-62.8,784.15
Saint Kitts and Nevis,KNA,2020,71.6266,17.4,-62.8,784.15
Saint Kitts and Nevis,KNA,2021,71.6822,17.4,-62.8,784.15
Saint Lucia,LCA,2010,72.7196,13.9,-61,450.46
Saint Lucia,LCA,2011,72.944,13.9,-61,450.46
Saint Lucia,LCA,2012,72.8821,13.9,-61,450.46
Saint Lucia,LCA,2013,72.7353,13.9,-61,450.46
Saint Lucia,LCA,2014,72.8638,13.9,-61,450.46
Saint Lucia,LCA,2015,73.1381,13.9,-61,450.46
Saint Lucia,LCA,2016,73.1116,13.9,-61,450.46
Saint Lucia,LCA,2017,73.1275,13.9,-61,450.46
Saint Lucia,LCA,2018,73.3569,13.9,-61,450.46
Saint Lucia,LCA,2019,73.4449,13.9,-61,450.46
Saint Lucia,LCA,2020,73.416,13.9,-61,450.46
Saint Lucia,LCA,2021,71.1114,13.9,-61,450.46
Saint Vincent and the Grenadines,VCT,2010,74.7184,13,-61.3,267.28
Saint Vincent and the Grenadines,VCT,2011,74.5958,13,-61.3,267.28
Saint Vincent and the Grenadines,VCT,2012,74.1463,13,-61.3,267.28
Saint Vincent and the Grenadines,VCT,2013,73.7976,13,-61.3,267.28
Saint Vincent and the Grenadines,VCT,2014,74.473,13,-61.3,267.28
Saint Vincent and the Grenadines,VCT,2015,74.4071,13,-61.3,267.28
Saint Vincent and the Grenadines,VCT,2016,74.2799,13,-61.3,267.28
Saint Vincent and the Grenadines,VCT,2017,74.3052,13,-61.3,267.28
Saint Vincent and the Grenadines,VCT,2018,74.1279,13,-61.3,267.28
Saint Vincent and the Grenadines,VCT,2019,72.8347,13,-61.3,267.28
Saint Vincent and the Grenadines,VCT,2020,72.1256,13,-61.3,267.28
Saint Vincent and the Grenadines,VCT,2021,69.6291,13,-61.3,267.28
Samoa,WSM,2010,72.2488,-13.8,-172.1,147.5
Samoa,WSM,2011,72.2598,-13.8,-172.1,147.5
Samoa,WSM,2012,72.1668,-13.8,-172.1,147.5
Samoa,WSM,2013,72.3915,-13.8,-172.1,147.5
Samoa,WSM,2014,72.4628,-13.8,-172.1,147.5
Samoa,WSM,2015,72.5146,-13.8,-172.1,147.5
Samoa,WSM,2016,72.5397,-13.8,-172.1,147.5
Samoa,WSM,2017,72.59,-13.8,-172.1,147.5
Samoa,WSM,2018,72.6358,-13.8,-172.1,147.5
Samoa,WSM,2019,72.1572,-13.8,-172.1,147.5
Samoa,WSM,2020,72.7677,-13.8,-172.1,147.5
Samoa,WSM,2021,72.7675,-13.8,-172.1,147.5
San Marino,SMR,2010,82.6838,43.9,12.5,2827.89
San Marino,SMR,2011,82.7619,43.9,12.5,2827.89
San Marino,SMR,2012,82.575,43.9,12.5,2827.89
San Marino,SMR,2013,82.3913,43.9,12.5,2827.89
San Marino,SMR,2014,82.8949,43.9,12.5,2827.89
San Marino,SMR,2015,82.927,43.9,12.5,2827.89
San Marino,SMR,2016,82.9726,43.9,12.5,2827.89
San Marino,SMR,2017,82.9161,43.9,12.5,2827.89
San Marino,SMR,2018,82.9479,43.9,12.5,2827.89
San Marino,SMR,2019,82.9863,43.9,12.5,2827.89
San Marino,SMR,2020,79.5886,43.9,12.5,2827.89
San Marino,SMR,2021,80.8786,43.9,12.5,2827.89
Saudi Arabia,SAU,2010,75.7629,23.9,45.1,1679.69
Saudi Arabia,SAU,2011,76.234,23.9,45.1,1679.69
Saudi Arabia,SAU,2012,76.4611,23.9,45.1,1679.69
Saudi Arabia,SAU,2013,76.6257,23.9,45.1,1679.69
Saudi Arabia,SAU,2014,76.7573,23.9,45.1,1679.69
Saudi Arabia,SAU,2015,76.9185,23.9,45.1,1679.69
Saudi Arabia,SAU,2016,77.0643,23.9,45.1,1679.69
Saudi Arabia,SAU,2017,77.1605,23.9,45.1,1679.69
Saudi Arabia,SAU,2018,77.2115,23.9,45.1,1679.69
Saudi Arabia,SAU,2019,77.3036,23.9,45.1,1679.69
Saudi Arabia,SAU,2020,76.2392,23.9,45.1,1679.69
Saudi Arabia,SAU,2021,76.936,23.9,45.1,1679.69
Senegal,SEN,2010,64.6154,14.5,-14.5,67.53
Senegal,SEN,2011,65.262,14.5,-14.5,67.53
Senegal,SEN,2012,65.4567,14.5,-14.5,67.53
Senegal,SEN,2013,66.0719,14.5,-14.5,67.53
Senegal,SEN,2014,66.4519,14.5,-14.5,67.53
Senegal,SEN,2015,66.8794,14.5,-14.5,67.53
Senegal,SEN,2016,67.4969,14.5,-14.5,67.53
Senegal,SEN,2017,67.7503,14.5,-14.5,67.53
Senegal,SEN,2018,68.0966,14.5,-14.5,67.53
Senegal,SEN,2019,68.5258,14.5,-14.5,67.53
Senegal,SEN,2020,68.0064,14.5,-14.5,67.53
Senegal,SEN,2021,67.0926,14.5,-14.5,67.53
Serbia,SRB,2010,74.3753,44,21,371.95
Serbia,SRB,2011,74.7717,44,21,371.95
Serbia,SRB,2012,75.1062,44,21,371.95
Serbia,SRB,2013,75.605,44,21,371.95
Serbia,SRB,2014,75.7234,44,21,371.95
Serbia,SRB,2015,75.8172,44,21,371.95
Serbia,SRB,2016,76.2609,44,21,371.95
Serbia,SRB,2017,76.213,44,21,371.95
Serbia,SRB,2018,76.5115,44,21,371.95
Serbia,SRB,2019,76.704,44,21,371.95
Serbia,SRB,2020,75.4057,44,21,371.95
Serbia,SRB,2021,74.1923,44,21,371.95
Seychelles,SYC,2010,72.9703,-4.7,55.5,659.06
Seychelles,SYC,2011,73.7537,-4.7,55.5,659.06
Seychelles,SYC,2012,73.6428,-4.7,55.5,659.06
Seychelles,SYC,2013,73.7807,-4.7,55.5,659.06
Seychelles,SYC,2014,73.7495,-4.7,55.5,659.06
Seychelles,SYC,2015,73.6979,-4.7,55.5,659.06
Seychelles,SYC,2016,73.6425,-4.7,55.5,659.06
Seychelles,SYC,2017,73.8027,-4.7,55.5,659.06
Seychelles,SYC,2018,73.9529,-4.7,55.5,659.06
Seychelles,SYC,2019,74.169,-4.7,55.5,659.06
Seychelles,SYC,2020,73.5324,-4.7,55.5,659.06
Seychelles,SYC,2021,71.2945,-4.7,55.5,659.06
Sierra Leone,SLE,2010,53.6932,8.5,-11.8,116.48
Sierra Leone,SLE,2011,54.6198,8.5,-11.8,116.48
Sierra Leone,SLE,2012,55.451,8.5,-11.8,116.48
Sierra Leone,SLE,2013,56.3132,8.5,-11.8,116.48
Sierra Leone,SLE,2014,56.3933,8.5,-11.8,116.48
Sierra Leone,SLE,2015,57.189,8.5,-11.8,116.48
Sierra Leone,SLE,2016,58.4045,8.5,-11.8,116.48
Sierra Leone,SLE,2017,58.6517,8.5,-11.8,116.48
Sierra Leone,SLE,2018,59.7959,8.5,-11.8,116.48
Sierra Leone,SLE,2019,60.2549,8.5,-11.8,116.48
Sierra Leone,SLE,2020,59.7632,8.5,-11.8,116.48
Sierra Leone,SLE,2021,60.0624,8.5,-11.8,116.48
Singapore,SGP,2010,81.691,1.4,103.8,1465.14
Singapore,SGP,2011,81.9745,1.4,103.8,1465.14
Singapore,SGP,2012,82.2434,1.4,103.8,1465.14
Singapore,SGP,2013,82.5157,1.4,103.8,1465.14
Singapore,SGP,2014,82.6524,1.4,103.8,1465.14
Singapore,SGP,2015,82.8265,1.4,103.8,1465.14
Singapore,SGP,2016,83.0001,1.4,103.8,1465.14
Singapore,SGP,2017,83.2236,1.4,103.8,1465.14
Singapore,SGP,2018,83.4576,1.4,103.8,1465.14
Singapore,SGP,2019,83.7584,1.4,103.8,1465.14
Singapore,SGP,2020,82.861,1.4,103.8,1465.14
Singapore,SGP,2021,82.7545,1.4,103.8,1465.14
Slovakia,SVK,2010,75.495,48.7,19.7,602.4
Slovakia,SVK,2011,76.0166,48.7,19.7,602.4
Slovakia,SVK,2012,76.1746,48.7,19.7,602.4
Slovakia,SVK,2013,76.5121,48.7,19.7,602.4
Slovakia,SVK,2014,76.847,48.7,19.7,602.4
Slovakia,SVK,2015,76.6493,48.7,19.7,602.4
Slovakia,SVK,2016,77.2146,48.7,19.7,602.4
Slovakia,SVK,2017,77.219,48.7,19.7,602.4
Slovakia,SVK,2018,77.264,48.7,19.7,602.4
Slovakia,SVK,2019,77.6851,48.7,19.7,602.4
Slovakia,SVK,2020,77.0054,48.7,19.7,602.4
Slovakia,SVK,2021,74.9101,48.7,19.7,602.4
Slovenia,SVN,2010,79.7039,46.2,15,1406.27
Slovenia,SVN,2011,79.9905,46.2,15,1406.27
Slovenia,SVN,2012,80.1284,46.2,15,1406.27
Slovenia,SVN,2013,80.336,46.2,15,1406.27
Slovenia,SVN,2014,80.9406,46.2,15,1406.27
Slovenia,SVN,2015,80.8218,46.2,15,1406.27
Slovenia,SVN,2016,81.1577,46.2,15,1406.27
Slovenia,SVN,2017,81.0714,46.2,15,1406.27
Slovenia,SVN,2018,81.3581,46.2,15,1406.27
Slovenia,SVN,2019,81.6042,46.2,15,1406.27
Slovenia,SVN,2020,80.4409,46.2,15,1406.27
Slovenia,SVN,2021,80.6904,46.2,15,1406.27
Solomon Islands,SLB,2010,68.7318,-9.6,160.2,77.15
Solomon Islands,SLB,2011,68.908,-9.6,160.2,77.15
Solomon Islands,SLB,2012,69.0839,-9.6,160.2,77.15
Solomon Islands,SLB,2013,69.188,-9.6,160.2,77.15
Solomon Islands,SLB,2014,69.2337,-9.6,160.2,77.15
Solomon Islands,SLB,2015,69.5834,-9.6,160.2,77.15
Solomon Islands,SLB,2016,69.8007,-9.6,160.2,77.15
Solomon Islands,SLB,2017,69.9882,-9.6,160.2,77.15
Solomon Islands,SLB,2018,70.1733,-9.6,160.2,77.15
Solomon Islands,SLB,2019,70.3821,-9.6,160.2,77.15
Solomon Islands,SLB,2020,70.1987,-9.6,160.2,77.15
Solomon Islands,SLB,2021,70.3477,-9.6,160.2,77.15
South Africa,ZAF,2010,58.8987,-30.6,22.9,629.9
South Africa,ZAF,2011,60.6507,-30.6,22.9,629.9
South Africa,ZAF,2012,61.8457,-30.6,22.9,629.9
South Africa,ZAF,2013,62.5331,-30.6,22.9,629.9
South Africa,ZAF,2014,63.3796,-30.6,22.9,629.9
South Africa,ZAF,2015,63.9499,-30.6,22.9,629.9
South Africa,ZAF,2016,64.7469,-30.6,22.9,629.9
South Africa,ZAF,2017,65.402,-30.6,22.9,629.9
South Africa,ZAF,2018,65.6743,-30.6,22.9,629.9
South Africa,ZAF,2019,66.175,-30.6,22.9,629.9
South Africa,ZAF,2020,65.2522,-30.6,22.9,629.9
South Africa,ZAF,2021,62.341,-30.6,22.9,629.9
South Korea,KOR,2010,80.763,35.9,127.8,716.93
South Korea,KOR,2011,81.2098,35.9,127.8,716.93
South Korea,KOR,2012,81.3473,35.9,127.8,716.93
South Korea,KOR,2013,81.8637,35.9,127.8,716.93
South Korea,KOR,2014,82.3781,35.9,127.8,716.93
South Korea,KOR,2015,82.5605,35.9,127.8,716.93
South Korea,KOR,2016,82.9259,35.9,127.8,716.93
South Korea,KOR,2017,83.2855,35.9,127.8,716.93
South Korea,KOR,2018,83.3427,35.9,127.8,716.93
South Korea,KOR,2019,83.6557,35.9,127.8,716.93
South Korea,KOR,2020,83.6089,35.9,127.8,716.93
South Korea,KOR,2021,83.6978,35.9,127.8,716.93
Spain,ESP,2010,82.0214,40.5,-3.7,1471.74
Spain,ESP,2011,82.1974,40.5,-3.7,1471.74
Spain,ESP,2012,82.2112,40.5,-3.7,1471.74
Spain,ESP,2013,82.7199,40.5,-3.7,1471.74
Spain,ESP,2014,82.858,40.5,-3.7,1471.74
Spain,ESP,2015,82.6464,40.5,-3.7,1471.74
Spain,ESP,2016,83.0411,40.5,-3.7,1471.74
Spain,ESP,2017,83.0295,40.5,-3.7,1471.74
Spain,ESP,2018,83.1436,40.5,-3.7,1471.74
Spain,ESP,2019,83.5321,40.5,-3.7,1471.74
Spain,ESP,2020,82.2892,40.5,-3.7,1471.74
Spain,ESP,2021,83.01,40.5,-3.7,1471.74
Sri Lanka,LKA,2010,73.215,7.9,80.8,176.32
Sri Lanka,LKA,2011,73.38,7.9,80.8,176.32
Sri Lanka,LKA,2012,73.9058,7.9,80.8,176.32
Sri Lanka,LKA,2013,74.2388,7.9,80.8,176.32
Sri Lanka,LKA,2014,74.6508,7.9,80.8,176.32
Sri Lanka,LKA,2015,74.9275,7.9,80.8,176.32
Sri Lanka,LKA,2016,75.3314,7.9,80.8,176.32
Sri Lanka,LKA,2017,75.4035,7.9,80.8,176.32
Sri Lanka,LKA,2018,75.748,7.9,80.8,176.32
Sri Lanka,LKA,2019,76.0084,7.9,80.8,176.32
Sri Lanka,LKA,2020,76.3929,7.9,80.8,176.32
Sri Lanka,LKA,2021,76.3991,7.9,80.8,176.32
Sudan,SDN,2010,63.0161,12.9,30.2,76.3
Sudan,SDN,2011,63.2463,12.9,30.2,76.3
Sudan,SDN,2012,63.7922,12.9,30.2,76.3
Sudan,SDN,2013,63.6779,12.9,30.2,76.3
Sudan,SDN,2014,64.2691,12.9,30.2,76.3
Sudan,SDN,2015,64.6587,12.9,30.2,76.3
Sudan,SDN,2016,64.7801,12.9,30.2,76.3
Sudan,SDN,2017,65.4447,12.9,30.2,76.3
Sudan,SDN,2018,65.681,12.9,30.2,76.3
Sudan,SDN,2019,65.8755,12.9,30.2,76.3
Sudan,SDN,2020,65.6136,12.9,30.2,76.3
Sudan,SDN,2021,65.2667,12.9,30.2,76.3
Suriname,SUR,2010,69.8945,3.9,-56,494.38
Suriname,SUR,2011,69.9141,3.9,-56,494.38
Suriname,SUR,2012,69.7644,3.9,-56,494.38
Suriname,SUR,2013,69.6816,3.9,-56,494.38
Suriname,SUR,2014,69.7824,3.9,-56,494.38
Suriname,SUR,2015,70.8003,3.9,-56,494.38
Suriname,SUR,2016,71.5924,3.9,-56,494.38
Suriname,SUR,2017,72.417,3.9,-56,494.38
Suriname,SUR,2018,72.5532,3.9,-56,494.38
Suriname,SUR,2019,72.2423,3.9,-56,494.38
Suriname,SUR,2020,72.5615,3.9,-56,494.38
Suriname,SUR,2021,70.2743,3.9,-56,494.38
Sweden,SWE,2010,81.5187,60.1,18.6,2173.66
Sweden,SWE,2011,81.7581,60.1,18.6,2173.66
Sweden,SWE,2012,81.7296,60.1,18.6,2173.66
Sweden,SWE,2013,81.9348,60.1,18.6,2173.66
Sweden,SWE,2014,82.2233,60.1,18.6,2173.66
Sweden,SWE,2015,82.1834,60.1,18.6,2173.66
Sweden,SWE,2016,82.3391,60.1,18.6,2173.66
Sweden,SWE,2017,82.4382,60.1,18.6,2173.66
Sweden,SWE,2018,82.5326,60.1,18.6,2173.66
Sweden,SWE,2019,83.0524,60.1,18.6,2173.66
Sweden,SWE,2020,82.4274,60.1,18.6,2173.66
Sweden,SWE,2021,82.9833,60.1,18.6,2173.66
Switzerland,CHE,2010,82.2831,46.8,8.2,3362.2
Switzerland,CHE,2011,82.5707,46.8,8.2,3362.2
Switzerland,CHE,2012,82.6158,46.8,8.2,3362.2
Switzerland,CHE,2013,82.6903,46.8,8.2,3362.2
Switzerland,CHE,2014,83.0849,46.8,8.2,3362.2
Switzerland,CHE,2015,82.8468,46.8,8.2,3362.2
Switzerland,CHE,2016,83.4452,46.8,8.2,3362.2
Switzerland,CHE,2017,83.4125,46.8,8.2,3362.2
Switzerland,CHE,2018,83.5615,46.8,8.2,3362.2
Switzerland,CHE,2019,83.7802,46.8,8.2,3362.2
Switzerland,CHE,2020,83.067,46.8,8.2,3362.2
Switzerland,CHE,2021,83.9872,46.8,8.2,3362.2
Syria,SYR,2010,73.8808,34.8,39,144.85
Syria,SYR,2011,73.3053,34.8,39,144.85
Syria,SYR,2012,66.7687,34.8,39,144.85
Syria,SYR,2013,63.8265,34.8,39,144.85
Syria,SYR,2014,63.1529,34.8,39,144.85
Syria,SYR,2015,65.1239,34.8,39,144.85
Syria,SYR,2016,65.9933,34.8,39,144.85
Syria,SYR,2017,68.4811,34.8,39,144.85
Syria,SYR,2018,70.145,34.8,39,144.85
Syria,SYR,2019,71.8224,34.8,39,144.85
Syria,SYR,2020,72.1399,34.8,39,144.85
Syria,SYR,2021,72.0627,34.8,39,144.85
Tajikistan,TJK,2010,67.742,38.9,71.3,45.22
Tajikistan,TJK,2011,68.1485,38.9,71.3,45.22
Tajikistan,TJK,2012,68.4841,38.9,71.3,45.22
Tajikistan,TJK,2013,68.8848,38.9,71.3,45.22
Tajikistan,TJK,2014,69.0693,38.9,71.3,45.22
Tajikistan,TJK,2015,69.3059,38.9,71.3,45.22
Tajikistan,TJK,2016,69.5493,38.9,71.3,45.22
Tajikistan,TJK,2017,69.9047,38.9,71.3,45.22
Tajikistan,TJK,2018,70.3532,38.9,71.3,45.22
Tajikistan,TJK,2019,70.8674,38.9,71.3,45.22
Tajikistan,TJK,2020,67.9942,38.9,71.3,45.22
Tajikistan,TJK,2021,71.5942,38.9,71.3,45.22
Tanzania,TZA,2010,60.1048,-6.4,34.9,36.57
Tanzania,TZA,2011,61.0492,-6.4,34.9,36.57
Tanzania,TZA,2012,62.0303,-6.4,34.9,36.57
Tanzania,TZA,2013,62.9603,-6.4,34.9,36.57
Tanzania,TZA,2014,63.8733,-6.4,34.9,36.57
Tanzania,TZA,2015,64.6507,-6.4,34.9,36.57
Tanzania,TZA,2016,65.3862,-6.4,34.9,36.57
Tanzania,TZA,2017,65.9987,-6.4,34.9,36.57
Tanzania,TZA,2018,66.5346,-6.4,34.9,36.57
Tanzania,TZA,2019,66.9885,-6.4,34.9,36.57
Tanzania,TZA,2020,66.4077,-6.4,34.9,36.57
Tanzania,TZA,2021,66.2007,-6.4,34.9,36.57
Thailand,THA,2010,76.1313,15.9,101,226.48
Thailand,THA,2011,76.4212,15.9,101,226.48
Thailand,THA,2012,76.7721,15.9,101,226.48
Thailand,THA,2013,77.0827,15.9,101,226.48
Thailand,THA,2014,77.4153,15.9,101,226.48
Thailand,THA,2015,77.7166,15.9,101,226.48
Thailand,THA,2016,78.0489,15.9,101,226.48
Thailand,THA,2017,78.3939,15.9,101,226.48
Thailand,THA,2018,78.6622,15.9,101,226.48
Thailand,THA,2019,78.9751,15.9,101,226.48
Thailand,THA,2020,79.2739,15.9,101,226.48
Thailand,THA,2021,78.7154,15.9,101,226.48
Togo,TGO,2010,57.3042,8.6,0.8,36.65
Togo,TGO,2011,57.9246,8.6,0.8,36.65
Togo,TGO,2012,58.073,8.6,0.8,36.65
Togo,TGO,2013,58.6841,8.6,0.8,36.65
Togo,TGO,2014,58.8534,8.6,0.8,36.65
Togo,TGO,2015,59.3958,8.6,0.8,36.65
Togo,TGO,2016,59.5501,8.6,0.8,36.65
Togo,TGO,2017,60.1544,8.6,0.8,36.65
Togo,TGO,2018,60.244,8.6,0.8,36.65
Togo,TGO,2019,60.9011,8.6,0.8,36.65
Togo,TGO,2020,61.035,8.6,0.8,36.65
Togo,TGO,2021,61.6194,8.6,0.8,36.65
Tonga,TON,2010,70.3234,-21.2,-175.2,109.1
Tonga,TON,2011,70.3809,-21.2,-175.2,109.1
Tonga,TON,2012,70.442,-21.2,-175.2,109.1
Tonga,TON,2013,70.505,-21.2,-175.2,109.1
Tonga,TON,2014,70.5405,-21.2,-175.2,109.1
Tonga,TON,2015,70.607,-21.2,-175.2,109.1
Tonga,TON,2016,70.661,-21.2,-175.2,109.1
Tonga,TON,2017,70.7133,-21.2,-175.2,109.1
Tonga,TON,2018,70.7787,-21.2,-175.2,109.1
Tonga,TON,2019,70.8715,-21.2,-175.2,109.1
Tonga,TON,2020,70.9276,-21.2,-175.2,109.1
Tonga,TON,2021,70.9857,-21.2,-175.2,109.1
Trinidad and Tobago,TTO,2010,72.7254,10.7,-61.2,626.67
Trinidad and Tobago,TTO,2011,73.2779,10.7,-61.2,626.67
Trinidad and Tobago,TTO,2012,73.7159,10.7,-61.2,626.67
Trinidad and Tobago,TTO,2013,73.9623,10.7,-61.2,626.67
Trinidad and Tobago,TTO,2014,74.2152,10.7,-61.2,626.67
Trinidad and Tobago,TTO,2015,74.5032,10.7,-61.2,626.67
Trinidad and Tobago,TTO,2016,74.281,10.7,-61.2,626.67
Trinidad and Tobago,TTO,2017,74.2301,10.7,-61.2,626.67
Trinidad and Tobago,TTO,2018,73.8018,10.7,-61.2,626.67
Trinidad and Tobago,TTO,2019,74.2279,10.7,-61.2,626.67
Trinidad and Tobago,TTO,2020,74.4056,10.7,-61.2,626.67
Trinidad and Tobago,TTO,2021,72.9709,10.7,-61.2,626.67
Tunisia,TUN,2010,75.4206,33.9,9.5,301.84
Tunisia,TUN,2011,75.4595,33.9,9.5,301.84
Tunisia,TUN,2012,75.5498,33.9,9.5,301.84
Tunisia,TUN,2013,75.6502,33.9,9.5,301.84
Tunisia,TUN,2014,75.6497,33.9,9.5,301.84
Tunisia,TUN,2015,75.6919,33.9,9.5,301.84
Tunisia,TUN,2016,75.7861,33.9,9.5,301.84
Tunisia,TUN,2017,75.8448,33.9,9.5,301.84
Tunisia,TUN,2018,75.9501,33.9,9.5,301.84
Tunisia,TUN,2019,75.9933,33.9,9.5,301.84
Tunisia,TUN,2020,75.2923,33.9,9.5,301.84
Tunisia,TUN,2021,73.7719,33.9,9.5,301.84
Turkey,TUR,2010,75.0693,39,35.2,443.08
Turkey,TUR,2011,74.9406,39,35.2,443.08
Turkey,TUR,2012,75.678,39,35.2,443.08
Turkey,TUR,2013,76.2968,39,35.2,443.08
Turkey,TUR,2014,76.5648,39,35.2,443.08
Turkey,TUR,2015,76.646,39,35.2,443.08
Turkey,TUR,2016,76.6605,39,35.2,443.08
Turkey,TUR,2017,77.1408,39,35.2,443.08
Turkey,TUR,2018,77.5631,39,35.2,443.08
Turkey,TUR,2019,77.8318,39,35.2,443.08
Turkey,TUR,2020,75.85,39,35.2,443.08
Turkey,TUR,2021,76.0324,39,35.2,443.08
Turkmenistan,TKM,2010,68.2933,39,59.6,174.62
Turkmenistan,TKM,2011,68.567,39,59.6,174.62
Turkmenistan,TKM,2012,68.7225,39,59.6,174.62
Turkmenistan,TKM,2013,68.7401,39,59.6,174.62
Turkmenistan,TKM,2014,68.6135,39,59.6,174.62
Turkmenistan,TKM,2015,68.7816,39,59.6,174.62
Turkmenistan,TKM,2016,68.7774,39,59.6,174.62
Turkmenistan,TKM,2017,68.9158,39,59.6,174.62
Turkmenistan,TKM,2018,68.7963,39,59.6,174.62
Turkmenistan,TKM,2019,69.0016,39,59.6,174.62
Turkmenistan,TKM,2020,68.687,39,59.6,174.62
Turkmenistan,TKM,2021,69.2644,39,59.6,174.62
Tuvalu,TUV,2010,63.9781,-7.1,177.6,596.16
Tuvalu,TUV,2011,63.9735,-7.1,177.6,596.16
Tuvalu,TUV,2012,63.9636,-7.1,177.6,596.16
Tuvalu,TUV,2013,64.0076,-7.1,177.6,596.16
Tuvalu,TUV,2014,64.0252,-7.1,177.6,596.16
Tuvalu,TUV,2015,64.0598,-7.1,177.6,596.16
Tuvalu,TUV,2016,64.1075,-7.1,177.6,596.16
Tuvalu,TUV,2017,64.1478,-7.1,177.6,596.16
Tuvalu,TUV,2018,64.2117,-7.1,177.6,596.16
Tuvalu,TUV,2019,64.2775,-7.1,177.6,596.16
Tuvalu,TUV,2020,64.382,-7.1,177.6,596.16
Tuvalu,TUV,2021,64.5466,-7.1,177.6,596.16
Uganda,UGA,2010,57.0547,1.4,32.3,48.75
Uganda,UGA,2011,57.9651,1.4,32.3,48.75
Uganda,UGA,2012,58.8166,1.4,32.3,48.75
Uganda,UGA,2013,59.7628,1.4,32.3,48.75
Uganda,UGA,2014,60.4081,1.4,32.3,48.75
Uganda,UGA,2015,61.0856,1.4,32.3,48.75
Uganda,UGA,2016,61.6479,1.4,32.3,48.75
Uganda,UGA,2017,62.115,1.4,32.3,48.75
Uganda,UGA,2018,62.7139,1.4,32.3,48.75
Uganda,UGA,2019,62.9913,1.4,32.3,48.75
Uganda,UGA,2020,62.8513,1.4,32.3,48.75
Uganda,UGA,2021,62.7048,1.4,32.3,48.75
Ukraine,UKR,2010,70.6207,48.4,31.2,226.96
Ukraine,UKR,2011,71.3872,48.4,31.2,226.96
Ukraine,UKR,2012,71.6273,48.4,31.2,226.96
Ukraine,UKR,2013,71.8617,48.4,31.2,226.96
Ukraine,UKR,2014,72.5905,48.4,31.2,226.96
Ukraine,UKR,2015,73.4581,48.4,31.2,226.96
Ukraine,UKR,2016,74.3121,48.4,31.2,226.96
Ukraine,UKR,2017,74.7181,48.4,31.2,226.96
Ukraine,UKR,2018,74.4122,48.4,31.2,226.96
Ukraine,UKR,2019,74.5364,48.4,31.2,226.96
Ukraine,UKR,2020,72.5726,48.4,31.2,226.96
Ukraine,UKR,2021,71.624,48.4,31.2,226.96
United Arab Emirates,ARE,2010,78.3335,23.4,53.8,2325.35
United Arab Emirates,ARE,2011,78.5168,23.4,53.8,2325.35
United Arab Emirates,ARE,2012,78.7155,23.4,53.8,2325.35
United Arab Emirates,ARE,2013,78.8528,23.4,53.8,2325.35
United Arab Emirates,ARE,2014,79.0442,23.4,53.8,2325.35
United Arab Emirates,ARE,2015,79.2232,23.4,53.8,2325.35
United Arab Emirates,ARE,2016,79.3347,23.4,53.8,2325.35
United Arab Emirates,ARE,2017,79.5036,23.4,53.8,2325.35
United Arab Emirates,ARE,2018,79.6274,23.4,53.8,2325.35
United Arab Emirates,ARE,2019,79.7262,23.4,53.8,2325.35
United Arab Emirates,ARE,2020,78.9457,23.4,53.8,2325.35
United Arab Emirates,ARE,2021,78.7104,23.4,53.8,2325.35
United Kingdom,GBR,2010,80.4008,55.4,-3.4,1904.54
United Kingdom,GBR,2011,80.8046,55.4,-3.4,1904.54
United Kingdom,GBR,2012,80.8659,55.4,-3.4,1904.54
United Kingdom,GBR,2013,80.9291,55.4,-3.4,1904.54
United Kingdom,GBR,2014,81.1602,55.4,-3.4,1904.54
United Kingdom,GBR,2015,80.9238,55.4,-3.4,1904.54
United Kingdom,GBR,2016,81.0747,55.4,-3.4,1904.54
United Kingdom,GBR,2017,81.1684,55.4,-3.4,1904.54
United Kingdom,GBR,2018,81.1254,55.4,-3.4,1904.54
United Kingdom,GBR,2019,81.725,55.4,-3.4,1904.54
United Kingdom,GBR,2020,80.4345,55.4,-3.4,1904.54
United Kingdom,GBR,2021,80.7422,55.4,-3.4,1904.54
Uruguay,URY,2010,76.858,-32.5,-55.8,1026.15
Uruguay,URY,2011,76.9833,-32.5,-55.8,1026.15
Uruguay,URY,2012,77.111,-32.5,-55.8,1026.15
Uruguay,URY,2013,77.24,-32.5,-55.8,1026.15
Uruguay,URY,2014,77.3663,-32.5,-55.8,1026.15
Uruguay,URY,2015,77.4827,-32.5,-55.8,1026.15
Uruguay,URY,2016,77.5707,-32.5,-55.8,1026.15
Uruguay,URY,2017,77.6247,-32.5,-55.8,1026.15
Uruguay,URY,2018,77.611,-32.5,-55.8,1026.15
Uruguay,URY,2019,77.5085,-32.5,-55.8,1026.15
Uruguay,URY,2020,78.4298,-32.5,-55.8,1026.15
Uruguay,URY,2021,75.4356,-32.5,-55.8,1026.15
Uzbekistan,UZB,2010,69.2354,41.4,64.6,159.16
Uzbekistan,UZB,2011,69.6487,41.4,64.6,159.16
Uzbekistan,UZB,2012,69.8742,41.4,64.6,159.16
Uzbekistan,UZB,2013,69.9895,41.4,64.6,159.16
Uzbekistan,UZB,2014,70.2343,41.4,64.6,159.16
Uzbekistan,UZB,2015,70.4753,41.4,64.6,159.16
Uzbekistan,UZB,2016,70.7548,41.4,64.6,159.16
Uzbekistan,UZB,2017,71.0095,41.4,64.6,159.16
Uzbekistan,UZB,2018,71.1494,41.4,64.6,159.16
Uzbekistan,UZB,2019,71.3441,41.4,64.6,159.16
Uzbekistan,UZB,2020,70.3309,41.4,64.6,159.16
Uzbekistan,UZB,2021,70.8616,41.4,64.6,159.16
Vanuatu,VUT,2010,69.6171,-15.4,167,74.45
Vanuatu,VUT,2011,69.5508,-15.4,167,74.45
Vanuatu,VUT,2012,69.4972,-15.4,167,74.45
Vanuatu,VUT,2013,69.5342,-15.4,167,74.45
Vanuatu,VUT,2014,69.4645,-15.4,167,74.45
Vanuatu,VUT,2015,69.5129,-15.4,167,74.45
Vanuatu,VUT,2016,69.6496,-15.4,167,74.45
Vanuatu,VUT,2017,69.7095,-15.4,167,74.45
Vanuatu,VUT,2018,69.7948,-15.4,167,74.45
Vanuatu,VUT,2019,69.8769,-15.4,167,74.45
Vanuatu,VUT,2020,70.2995,-15.4,167,74.45
Vanuatu,VUT,2021,70.449,-15.4,167,74.45
Venezuela,VEN,2010,72.8901,6.4,-66.6,862.45
Venezuela,VEN,2011,72.913,6.4,-66.6,862.45
Venezuela,VEN,2012,73.0364,6.4,-66.6,862.45
Venezuela,VEN,2013,73.1962,6.4,-66.6,862.45
Venezuela,VEN,2014,72.8533,6.4,-66.6,862.45
Venezuela,VEN,2015,73.0064,6.4,-66.6,862.45
Venezuela,VEN,2016,72.0578,6.4,-66.6,862.45
Venezuela,VEN,2017,71.943,6.4,-66.6,862.45
Venezuela,VEN,2018,71.9788,6.4,-66.6,862.45
Venezuela,VEN,2019,72.1614,6.4,-66.6,862.45
Venezuela,VEN,2020,71.0949,6.4,-66.6,862.45
Venezuela,VEN,2021,70.5536,6.4,-66.6,862.45
Vietnam,VNM,2010,73.5126,14.1,108.3,96.37
Vietnam,VNM,2011,73.6921,14.1,108.3,96.37
Vietnam,VNM,2012,73.7044,14.1,108.3,96.37
Vietnam,VNM,2013,73.7755,14.1,108.3,96.37
Vietnam,VNM,2014,73.8545,14.1,108.3,96.37
Vietnam,VNM,2015,73.8763,14.1,108.3,96.37
Vietnam,VNM,2016,73.9382,14.1,108.3,96.37
Vietnam,VNM,2017,73.9632,14.1,108.3,96.37
Vietnam,VNM,2018,73.9757,14.1,108.3,96.37
Vietnam,VNM,2019,74.0929,14.1,108.3,96.37
Vietnam,VNM,2020,75.3779,14.1,108.3,96.37
Vietnam,VNM,2021,73.6181,14.1,108.3,96.37
Yemen,YEM,2010,67.28,15.6,48.5,138.14
Yemen,YEM,2011,67.4194,15.6,48.5,138.14
Yemen,YEM,2012,67.3429,15.6,48.5,138.14
Yemen,YEM,2013,67.5451,15.6,48.5,138.14
Yemen,YEM,2014,67.3842,15.6,48.5,138.14
Yemen,YEM,2015,65.8734,15.6,48.5,138.14
Yemen,YEM,2016,66.0641,15.6,48.5,138.14
Yemen,YEM,2017,65.9573,15.6,48.5,138.14
Yemen,YEM,2018,64.5751,15.6,48.5,138.14
Yemen,YEM,2019,65.0917,15.6,48.5,138.14
Yemen,YEM,2020,64.6501,15.6,48.5,138.14
Yemen,YEM,2021,63.7534,15.6,48.5,138.14
Zambia,ZMB,2010,56.7991,-13.1,27.8,117.65
Zambia,ZMB,2011,57.7708,-13.1,27.8,117.65
Zambia,ZMB,2012,58.8672,-13.1,27.8,117.65
Zambia,ZMB,2013,59.8777,-13.1,27.8,117.65
Zambia,ZMB,2014,60.699,-13.1,27.8,117.65
Zambia,ZMB,2015,61.2078,-13.1,27.8,117.65
Zambia,ZMB,2016,61.7937,-13.1,27.8,117.65
Zambia,ZMB,2017,62.1201,-13.1,27.8,117.65
Zambia,ZMB,2018,62.3422,-13.1,27.8,117.65
Zambia,ZMB,2019,62.7926,-13.1,27.8,117.65
Zambia,ZMB,2020,62.3803,-13.1,27.8,117.65
Zambia,ZMB,2021,61.2234,-13.1,27.8,117.65
Zimbabwe,ZWE,2010,50.6523,-19,29.2,191.8
Zimbabwe,ZWE,2011,53.347,-19,29.2,191.8
Zimbabwe,ZWE,2012,55.6263,-19,29.2,191.8
Zimbabwe,ZWE,2013,57.4577,-19,29.2,191.8
Zimbabwe,ZWE,2014,58.846,-19,29.2,191.8
Zimbabwe,ZWE,2015,59.5911,-19,29.2,191.8
Zimbabwe,ZWE,2016,60.3059,-19,29.2,191.8
Zimbabwe,ZWE,2017,60.7095,-19,29.2,191.8
Zimbabwe,ZWE,2018,61.4141,-19,29.2,191.8
Zimbabwe,ZWE,2019,61.2925,-19,29.2,191.8
Zimbabwe,ZWE,2020,61.1242,-19,29.2,191.8
Zimbabwe,ZWE,2021,59.2531,-19,29.2,191.8
